CodEstacao,Municipio,UF,TipoEstacao,Situacao,Latitude,Longitude,AltitudeM,DataInicioOperacao,DataFimOperacao
A108,CRUZEIRO DO SUL,AC,Automatica,Pane,-7.61055555,-72.6811111,220.0,2015-05-13T21:00:00.000-03:00,
A140,EPITACIOLANDIA,AC,Automatica,Pane,-11.02388888,-68.73527777,224.5,2009-09-24T21:00:00.000-03:00,
A138,FEIJO,AC,Automatica,Operante,-8.14277777,-70.3436111,157.17,2009-09-23T21:00:00.000-03:00,
A102,PARQUE ESTADUAL CHANDLESS,AC,Automatica,Pane,-9.35833333,-69.92638888,184.51,2008-08-04T21:00:00.000-03:00,
A136,PORTO WALTER,AC,Automatica,Pane,-8.26722221,-72.74777777,205.35,2009-10-28T21:00:00.000-03:00,
A104,RIO BRANCO,AC,Automatica,Operante,-9.95916666,-67.86888888,163.0,2008-07-10T21:00:00.000-03:00,
A353,ARAPIRACA,AL,Automatica,Operante,-9.80444444,-36.61916666,236.84,2008-04-26T21:00:00.000-03:00,
A355,CORURIPE,AL,Automatica,Operante,-10.1286111,-36.28638888,82.39,2008-09-05T21:00:00.000-03:00,
A303,MACEIO,AL,Automatica,Operante,-9.55111111,-35.77027777,84.12,2003-02-24T21:00:00.000-03:00,
82992,PALMEIRA DOS INDIOS,AL,Convencional,Operante,-9.42027777,-36.62027777,277.98,1927-12-31T21:00:00.000-03:00,
A327,PALMEIRA DOS INDIOS,AL,Automatica,Operante,-9.42027777,-36.62027777,278.01,2007-07-10T21:00:00.000-03:00,
A323,PAO DE ACUCAR,AL,Automatica,Operante,-9.74916666,-37.43083332,20.83,2007-07-13T21:00:00.000-03:00,
A371,PIRANHAS,AL,Automatica,Operante,-9.62222221,-37.76722221,187.0,2017-09-19T21:00:00.000-03:00,
A356,SAO LUIS DO QUITUNDE,AL,Automatica,Pane,-9.28749999,-35.56583333,13.69,2008-09-07T21:00:00.000-03:00,
A113,APUI,AM,Automatica,Pane,-7.20555555,-59.8886111,156.97,2008-07-18T21:00:00.000-03:00,
A120,AUTAZES,AM,Automatica,Operante,-3.58333333,-59.12944443,19.9,2008-04-16T21:00:00.000-03:00,
A128,BARCELOS,AM,Automatica,Operante,-0.98722221,-62.92416666,29.88,2008-04-18T21:00:00.000-03:00,
A110,BOCA DO ACRE,AM,Automatica,Operante,-8.77666666,-67.33249999,111.98,2008-07-14T21:00:00.000-03:00,
A117,COARI,AM,Automatica,Pane,-4.09749999,-63.14527777,33.84,2008-04-11T21:00:00.000-03:00,
82326,CODAJAS,AM,Convencional,Operante,-3.8411111,-62.05527777,30.31,1974-08-18T21:00:00.000-03:00,
82610,EIRUNEPE,AM,Convencional,Operante,-6.66166666,-69.86777777,123.42,1927-12-31T21:00:00.000-03:00,
A109,EIRUNEPE,AM,Automatica,Pane,-6.65027777,-69.8686111,121.54,2012-08-30T21:00:00.000-03:00,
A112,HUMAITA,AM,Automatica,Operante,-7.5525,-63.07138888,53.56,2008-04-24T21:00:00.000-03:00,
A121,ITACOATIARA,AM,Automatica,Operante,-3.13333333,-58.48277777,41.54,2008-04-16T21:00:00.000-03:00,
82723,LABREA,AM,Convencional,Operante,-7.26138888,-64.78999999,62.23,1972-11-29T21:00:00.000-03:00,
A111,LABREA,AM,Automatica,Pane,-7.26055555,-64.7886111,61.91,2008-07-26T21:00:00.000-03:00,
A119,MANACAPURU,AM,Automatica,Operante,-3.29472221,-60.62833332,36.57,2008-04-09T21:00:00.000-03:00,
82331,MANAUS,AM,Convencional,Operante,-3.10333333,-60.01638888,61.25,1909-12-31T21:25:56.000-02:34,
A101,MANAUS,AM,Automatica,Operante,-3.10333333,-60.01638888,61.25,2000-05-08T21:00:00.000-03:00,
A133,MANICORE,AM,Automatica,Operante,-5.7886111,-61.28833333,40.64,2011-12-11T22:00:00.000-02:00,
A122,MAUES,AM,Automatica,Pane,-3.39888888,-57.67388888,25.49,2008-04-21T21:00:00.000-03:00,
A144,NOVO ARIPUANA,AM,Automatica,Operante,-8.0911111,-60.38055554,45.0,2019-07-17T21:00:00.000-03:00,
A123,PARINTINS,AM,Automatica,Operante,-2.63916666,-56.75611111,18.72,2008-04-10T21:00:00.000-03:00,
A126,PRESIDENTE FIGUEIREDO,AM,Automatica,Pane,-2.05666666,-60.02583332,60.99,2008-04-18T21:00:00.000-03:00,
A125,RIO URUBU,AM,Automatica,Pane,-2.6336111,-59.60055555,112.84,2008-06-25T21:00:00.000-03:00,
A134,S. G. DA CACHOEIRA,AM,Automatica,Pane,-0.12527777,-67.06111111,79.67,2011-08-30T21:00:00.000-03:00,
82317,TEFE,AM,Convencional,Operante,-3.38027777,-64.72527777,56.0,1929-01-03T21:00:00.000-03:00,
A124,URUCARA,AM,Automatica,Pane,-2.53472221,-57.75805555,18.49,2008-04-16T21:00:00.000-03:00,
A251,ITAUBAL,AP,Automatica,Pane,0.56777777,-50.8236111,21.0,2017-08-23T21:00:00.000-03:00,
82098,MACAPA,AP,Convencional,Operante,-0.04499999,-51.11,12.8,1924-12-31T21:00:00.000-03:00,
A249,MACAPA,AP,Automatica,Operante,0.03499999,-51.08888888,16.62,2013-12-11T21:00:00.000-03:00,
A242,OIAPOQUE,AP,Automatica,Operante,3.81361111,-51.8625,15.14,2008-09-10T21:00:00.000-03:00,
A244,PORTO GRANDE,AP,Automatica,Operante,0.69416666,-51.40388888,84.8,2008-09-16T21:00:00.000-03:00,
A472,ACAJUTIBA,BA,Automatica,Operante,-11.65444444,-38.01583333,182.0,2026-05-08T21:00:00.000-03:00,
A434,AMARGOSA,BA,Automatica,Operante,-13.00944444,-39.61694443,397.8,2008-07-10T21:00:00.000-03:00,
83179,BARRA,BA,Convencional,Operante,-11.08472221,-43.13888888,407.5,1925-03-02T21:00:00.000-03:00,
A429,BARRA,BA,Automatica,Operante,-11.08472221,-43.13888888,407.5,2008-05-11T21:00:00.000-03:00,
A402,BARREIRAS,BA,Automatica,Operante,-12.12472221,-45.02694443,474.17,2001-12-19T22:00:00.000-02:00,
A447,BELMONTE,BA,Automatica,Operante,-16.08805555,-39.21527777,89.67,2009-07-01T21:00:00.000-03:00,
A433,BRUMADO,BA,Automatica,Operante,-14.18194443,-41.67222221,473.37,2008-04-27T21:00:00.000-03:00,
A432,BURITIRAMA,BA,Automatica,Pane,-10.72305554,-43.65111111,506.06,2008-05-14T21:00:00.000-03:00,
A405,CARAVELAS,BA,Automatica,Pane,-17.73944444,-39.25861111,6.05,2002-12-19T22:00:00.000-02:00,
83192,CIPO,BA,Convencional,Operante,-11.10138888,-38.52416666,143.53,1934-12-31T21:00:00.000-03:00,
A431,CONDE,BA,Automatica,Pane,-12.03583333,-37.68388888,31.9,2008-04-06T21:00:00.000-03:00,
A416,CORRENTINA,BA,Automatica,Operante,-13.33249999,-44.61749999,551.71,2007-11-08T21:00:00.000-03:00,
83222,CRUZ DAS ALMAS,BA,Convencional,Operante,-12.67527777,-39.08972221,219.69,1957-12-31T21:00:00.000-03:00,
A406,CRUZ DAS ALMAS,BA,Automatica,Operante,-12.67555554,-39.08944444,219.76,2003-01-18T22:00:00.000-02:00,
A448,CURACA,BA,Automatica,Operante,-9.00138888,-39.9125,370.0,2015-08-19T21:00:00.000-03:00,
A443,DELFINO,BA,Automatica,Operante,-10.455,-41.20694444,646.24,2008-07-14T21:00:00.000-03:00,
A442,EUCLIDES DA CUNHA,BA,Automatica,Operante,-10.53722221,-38.99666666,431.96,2008-03-30T21:00:00.000-03:00,
A413,FEIRA DE SANTANA,BA,Automatica,Operante,-12.1961111,-38.96749999,229.64,2007-05-25T21:00:00.000-03:00,
A452,FORMOSA DO RIO PRETO,BA,Automatica,Pane,-11.05222222,-45.20083333,488.0,2016-06-01T21:00:00.000-03:00,
A426,GUANAMBI,BA,Automatica,Operante,-14.20805555,-42.74972221,552.23,2008-04-23T21:00:00.000-03:00,
83446,GUARATINGA,BA,Convencional,Operante,-16.58081,-39.783182,197.88,1973-09-09T21:00:00.000-03:00,
A439,IBOTIRAMA,BA,Automatica,Pane,-12.19305555,-43.21333333,425.12,2008-04-27T21:00:00.000-03:00,
A410,ILHEUS,BA,Automatica,Pane,-14.65888888,-39.18138888,80.21,2003-01-24T22:00:00.000-02:00,
A445,IPIAU,BA,Automatica,Pane,-14.17138888,-39.69249999,132.11,2009-06-29T21:00:00.000-03:00,
A424,IRECE,BA,Automatica,Operante,-11.32888888,-41.86444444,768.42,2008-03-30T21:00:00.000-03:00,
A408,ITABERABA,BA,Automatica,Operante,-12.52416666,-40.29972221,250.11,2003-01-28T22:00:00.000-02:00,
A455,ITAMARAJU,BA,Automatica,Pane,-17.00694444,-39.55805555,110.0,2016-05-27T21:00:00.000-03:00,
A446,ITAPETINGA,BA,Automatica,Pane,-15.24472221,-40.22944443,271.48,2009-06-24T21:00:00.000-03:00,
A407,ITIRUCU,BA,Automatica,Pane,-13.52777777,-40.11972221,757.42,2003-02-08T22:00:00.000-02:00,
A440,JACOBINA,BA,Automatica,Operante,-11.205,-40.465,440.78,2008-04-30T21:00:00.000-03:00,
A450,JEREMOABO,BA,Automatica,Pane,-10.08083332,-38.34583333,261.0,2015-08-12T21:00:00.000-03:00,
83242,LENCOIS,BA,Convencional,Operante,-12.55777777,-41.38888888,438.09,1931-08-31T21:00:00.000-03:00,
A425,LENCOIS,BA,Automatica,Pane,-12.55777777,-41.38888888,438.09,2008-04-04T21:00:00.000-03:00,
A404,LUIS EDUARDO MAGALHAES,BA,Automatica,Operante,-12.08499999,-45.70527777,748.0,2002-04-17T21:00:00.000-03:00,
A412,MACAJUBA,BA,Automatica,Pane,-12.13166666,-40.35416666,360.0,2003-02-02T22:00:00.000-02:00,
A438,MARAU,BA,Automatica,Pane,-13.90694444,-38.97222221,6.24,2008-06-21T21:00:00.000-03:00,
83184,MORRO DO CHAPEU,BA,Convencional,Operante,-11.54749999,-41.15111111,1001.66,1913-01-12T21:25:56.000-02:34,
A430,PIATA,BA,Automatica,Pane,-13.15555555,-41.77416666,1283.95,2008-05-02T21:00:00.000-03:00,
A427,PORTO SEGURO,BA,Automatica,Pane,-16.38888888,-39.18249999,86.36,2008-07-09T21:00:00.000-03:00,
A436,QUEIMADAS,BA,Automatica,Pane,-10.98472221,-39.61694443,310.11,2008-05-22T21:00:00.000-03:00,
A423,REMANSO,BA,Automatica,Pane,-9.62555554,-42.07722221,397.4,2008-03-25T21:00:00.000-03:00,
A458,RIBEIRA DO AMPARO,BA,Automatica,Operante,-11.05861111,-38.44416666,182.0,2018-09-19T21:00:00.000-03:00,
A401,SALVADOR,BA,Automatica,Operante,-13.00555555,-38.50583333,47.56,2000-05-12T21:00:00.000-03:00,
A456,SALVADOR-RADIO FAROL,BA,Automatica,Operante,-12.80833333,-38.49583333,31.0,2018-03-09T21:00:00.000-03:00,
A415,SANTA RITA DE CASSIA,BA,Automatica,Pane,-11.00333333,-44.53638888,450.0,2007-05-27T21:00:00.000-03:00,
A428,SENHOR DO BONFIM,BA,Automatica,Operante,-10.44305555,-40.14833333,532.09,2008-03-26T21:00:00.000-03:00,
A441,SERRINHA,BA,Automatica,Pane,-11.66472222,-39.02305554,337.79,2008-05-08T21:00:00.000-03:00,
A437,UNA,BA,Automatica,Pane,-15.28027777,-39.09138888,74.08,2008-06-24T21:00:00.000-03:00,
A444,VALENCA,BA,Automatica,Pane,-13.3436111,-39.12666666,93.12,2009-06-28T21:00:00.000-03:00,
83344,VITORIA DA CONQUISTA,BA,Convencional,Operante,-14.88638888,-40.80138888,879.47,1935-12-31T21:00:00.000-03:00,
A414,VITORIA DA CONQUISTA,BA,Automatica,Operante,-14.88638888,-40.80138888,879.38,2007-05-31T21:00:00.000-03:00,
A360,ACARAU,CE,Automatica,Pane,-3.1211111,-40.08722221,67.15,2009-04-21T21:00:00.000-03:00,
A315,BARBALHA,CE,Automatica,Pane,-7.30083333,-39.2711111,409.41,2007-05-30T21:00:00.000-03:00,
A347,CAMPOS SALES,CE,Automatica,Operante,-7.07777777,-40.36277777,577.95,2008-03-06T21:00:00.000-03:00,
A342,CRATEUS,CE,Automatica,Pane,-5.18666666,-40.67222221,298.19,2008-12-10T21:00:00.000-03:00,
A314,GUARAMIRANGA,CE,Automatica,Operante,-4.22916666,-38.95888888,865.53,2007-05-25T21:00:00.000-03:00,
A319,IGUATU,CE,Automatica,Pane,-6.39638888,-39.26888888,221.56,2007-05-29T21:00:00.000-03:00,
A359,ITAPIPOCA,CE,Automatica,Pane,-3.48416666,-39.5886111,104.49,2008-09-04T21:00:00.000-03:00,
A358,JAGUARIBE,CE,Automatica,Pane,-5.90555555,-38.62777777,149.31,2008-09-09T21:00:00.000-03:00,
82588,MORADA NOVA,CE,Convencional,Operante,-5.13666666,-38.35666666,43.62,1962-09-30T21:00:00.000-03:00,
A332,MORADA NOVA,CE,Automatica,Operante,-5.0911111,-38.36472222,93.0,2007-08-23T21:00:00.000-03:00,
A369,QUIXADA,CE,Automatica,Operante,-4.97888888,-39.05722222,193.0,2018-03-19T21:00:00.000-03:00,
82586,QUIXERAMOBIM,CE,Convencional,Operante,-5.17305554,-39.28722221,227.33,1895-12-31T21:00:00.000-03:00,
A325,QUIXERAMOBIM,CE,Automatica,Operante,-5.17444443,-39.28944444,221.04,2007-07-08T21:00:00.000-03:00,
A306,SOBRAL,CE,Automatica,Pane,-3.74805555,-40.34583333,92.07,2003-02-11T22:00:00.000-02:00,
A324,TAUA,CE,Automatica,Operante,-6.01749999,-40.28138888,410.87,2007-07-11T21:00:00.000-03:00,
A368,TIANGUA,CE,Automatica,Operante,-3.73222221,-41.01194444,756.0,2018-03-14T21:00:00.000-03:00,
A045,AGUAS EMENDADAS,DF,Automatica,Operante,-15.59638888,-47.62583332,1030.36,2008-10-02T21:00:00.000-03:00,
83377,BRASILIA,DF,Convencional,Operante,-15.78972221,-47.92583332,1161.42,1961-09-11T21:00:00.000-03:00,
A001,BRASILIA,DF,Automatica,Operante,-15.78944444,-47.92583332,1160.96,2000-05-06T21:00:00.000-03:00,
A042,BRAZLANDIA,DF,Automatica,Operante,-15.6525,-48.20138888,1147.0,2017-07-18T21:00:00.000-03:00,
A046,GAMA (PONTE ALTA),DF,Automatica,Operante,-15.93527777,-48.13749999,990.0,2014-09-30T21:00:00.000-03:00,
A047,PARANOA (COOPA-DF),DF,Automatica,Operante,-16.01222222,-47.5575,1043.0,2017-02-06T21:00:00.000-03:00,
A657,AFONSO CLAUDIO,ES,Automatica,Operante,-20.10416666,-41.10694444,507.48,2011-09-23T21:00:00.000-03:00,
A617,ALEGRE,ES,Automatica,Operante,-20.75055555,-41.48888888,138.0,2006-10-24T21:00:00.000-03:00,
A631,ECOPORANGA,ES,Automatica,Pane,-18.29138888,-40.73638888,224.0,2017-03-16T21:00:00.000-03:00,
A614,LINHARES,ES,Automatica,Operante,-19.35694444,-40.0686111,40.0,2006-10-26T21:00:00.000-03:00,
A632,MARILANDIA,ES,Automatica,Operante,-19.40722222,-40.53972221,95.0,2017-03-21T21:00:00.000-03:00,
A622,PRESIDENTE KENNEDY,ES,Automatica,Operante,-21.10083333,-41.03944444,69.12,2008-06-17T21:00:00.000-03:00,
A613,SANTA TERESA,ES,Automatica,Operante,-19.98833333,-40.57944443,975.92,2007-08-08T21:00:00.000-03:00,
A616,SAO MATEUS,ES,Automatica,Operante,-18.6761111,-39.86416666,28.66,2006-10-24T21:00:00.000-03:00,
A633,VENDA NOVA DO IMIGRANTE,ES,Automatica,Operante,-20.38555555,-41.18999999,722.0,2017-02-09T21:00:00.000-03:00,
A634,VILA VELHA,ES,Automatica,Operante,-20.46694443,-40.40388888,25.0,2017-02-14T21:00:00.000-03:00,
A612,VITORIA,ES,Automatica,Operante,-20.27083332,-40.30583333,9.0,2006-10-30T21:00:00.000-03:00,
A024,ALTO PARAISO DE GOIAS,GO,Automatica,Operante,-14.13305554,-47.52333332,1264.7,2007-06-03T21:00:00.000-03:00,
A013,ARAGARCAS,GO,Automatica,Operante,-15.90277777,-52.24527777,327.35,2007-07-12T21:00:00.000-03:00,
A023,CAIAPONIA,GO,Automatica,Operante,-16.96694443,-51.81749999,740.1,2007-05-20T21:00:00.000-03:00,
83526,CATALAO,GO,Convencional,Operante,-18.17027777,-47.95805555,857.98,1912-12-31T21:25:56.000-02:34,
A034,CATALAO,GO,Automatica,Operante,-18.15472222,-47.92749999,900.72,2008-01-30T21:00:00.000-03:00,
A036,CRISTALINA,GO,Automatica,Operante,-16.78499999,-47.61305555,1211.08,2007-12-13T21:00:00.000-03:00,
A056,CRISTALINA (FAZENDA SANTA MONICA),GO,Automatica,Operante,-16.39944444,-47.62583332,932.0,2018-01-24T21:00:00.000-03:00,
A029,EDEIA,GO,Automatica,Operante,-17.33694444,-49.91472222,608.0,2017-08-25T21:00:00.000-03:00,
83379,FORMOSA,GO,Convencional,Operante,-15.54916666,-47.33888888,938.68,1924-12-31T21:00:00.000-03:00,
A022,GOIANESIA,GO,Automatica,Operante,-15.22027777,-48.98999999,667.01,2007-06-01T21:00:00.000-03:00,
83423,GOIANIA,GO,Convencional,Operante,-16.67305554,-49.26388888,748.53,1937-07-10T21:00:00.000-03:00,
A002,GOIANIA,GO,Automatica,Operante,-16.64277777,-49.22027777,727.3,2001-05-28T21:00:00.000-03:00,
A014,GOIAS,GO,Automatica,Operante,-15.93972221,-50.14138888,512.86,2007-07-17T21:00:00.000-03:00,
A028,IPORA,GO,Automatica,Operante,-16.42305554,-51.14888888,610.41,2013-06-23T21:00:00.000-03:00,
A015,ITAPACI,GO,Automatica,Pane,-14.97972221,-49.53944444,551.0,2007-02-02T21:00:00.000-03:00,
A035,ITUMBIARA,GO,Automatica,Operante,-18.40972222,-49.19194444,491.17,2007-10-31T21:00:00.000-03:00,
83464,JATAI,GO,Convencional,Operante,-17.9236111,-51.71749999,669.84,1978-11-23T21:00:00.000-03:00,
A016,JATAI,GO,Automatica,Operante,-17.9236111,-51.71749999,670.08,2007-05-22T21:00:00.000-03:00,
A012,LUZIANIA,GO,Automatica,Operante,-16.26055555,-47.96694443,1000.82,2006-10-20T21:00:00.000-03:00,
A026,MINEIROS,GO,Automatica,Operante,-17.45472222,-52.60111111,862.0,2007-11-23T21:00:00.000-03:00,
A032,MONTE ALEGRE DE GOIAS,GO,Automatica,Operante,-13.25361111,-46.89027777,552.0,2007-06-06T21:00:00.000-03:00,
A003,MORRINHOS,GO,Automatica,Pane,-17.74499999,-49.10166666,751.09,2001-05-24T21:00:00.000-03:00,
A027,PARAUNA,GO,Automatica,Operante,-16.9625,-50.42555554,678.74,2008-03-28T21:00:00.000-03:00,
83376,PIRENOPOLIS,GO,Convencional,Operante,-15.85472222,-48.96611111,766.92,1977-02-16T21:00:00.000-03:00,
A033,PIRES DO RIO,GO,Automatica,Operante,-17.30416666,-48.28416666,757.27,2007-10-11T21:00:00.000-03:00,
A005,PORANGATU,GO,Automatica,Operante,-13.30944444,-49.11749999,365.0,2001-06-03T21:00:00.000-03:00,
83332,POSSE,GO,Convencional,Operante,-14.08916666,-46.36666666,830.35,1975-08-03T21:00:00.000-03:00,
A017,POSSE,GO,Automatica,Operante,-14.08916666,-46.36638888,830.0,2007-04-17T21:00:00.000-03:00,
A025,RIO VERDE,GO,Automatica,Operante,-17.78527777,-50.965,780.11,2007-05-16T21:00:00.000-03:00,
A031,SAO MIGUEL DO ARAGUAIA,GO,Automatica,Operante,-12.82055554,-50.33583333,210.0,2017-06-28T21:00:00.000-03:00,
A011,SAO SIMAO,GO,Automatica,Operante,-18.96916666,-50.63333333,492.45,2006-07-14T21:00:00.000-03:00,
A037,SILVANIA,GO,Automatica,Pane,-16.67972221,-48.61805554,952.0,2010-10-07T21:00:00.000-03:00,
A220,BACABAL,MA,Automatica,Operante,-4.24305555,-44.79499999,22.33,2008-07-08T21:00:00.000-03:00,
A204,BALSAS,MA,Automatica,Pane,-7.45555555,-46.02749999,271.03,2007-10-25T21:00:00.000-03:00,
A221,BARRA DO CORDA,MA,Automatica,Pane,-5.50666666,-45.23694444,154.19,2008-03-05T21:00:00.000-03:00,
A238,BURITICUPU,MA,Automatica,Pane,-4.32055554,-46.44944444,174.91,2008-09-10T21:00:00.000-03:00,
A205,CAROLINA,MA,Automatica,Pane,-7.33722221,-47.45972222,182.88,2007-12-03T21:00:00.000-03:00,
A237,CAXIAS,MA,Automatica,Pane,-4.82138888,-43.3436111,84.85,2008-07-12T21:00:00.000-03:00,
A206,CHAPADINHA,MA,Automatica,Operante,-3.74277777,-43.35222222,104.0,2008-09-16T21:00:00.000-03:00,
82676,COLINAS,MA,Convencional,Operante,-6.03305554,-44.23333333,175.56,1976-05-18T21:00:00.000-03:00,
A222,COLINAS,MA,Automatica,Pane,-6.03305554,-44.23333333,175.37,2008-06-02T21:00:00.000-03:00,
A224,ESTREITO,MA,Automatica,Operante,-6.65333333,-47.41833332,182.96,2008-02-26T21:00:00.000-03:00,
A207,GRAJAU,MA,Automatica,Pane,-5.81611111,-46.16222222,232.29,2008-09-09T21:00:00.000-03:00,
A225,IMPERATRIZ,MA,Automatica,Pane,-5.55583333,-47.45972222,117.96,2008-02-29T21:00:00.000-03:00,
A218,PREGUICAS,MA,Automatica,Pane,-2.59222221,-42.7075,4.62,2008-11-21T21:00:00.000-03:00,
82280,SAO LUIS,MA,Convencional,Operante,-2.52666666,-44.21361111,32.58,1924-11-17T21:00:00.000-03:00,2025-07-01T21:00:00.000-03:00
A203,SAO LUIS,MA,Automatica,Pane,-2.52666666,-44.21361111,54.8,2003-01-28T22:00:00.000-02:00,
82198,TURIACU,MA,Convencional,Operante,-1.66138888,-45.37194443,34.48,1976-07-28T21:00:00.000-03:00,
A219,TURIACU,MA,Automatica,Operante,-1.66111111,-45.37249999,35.86,2008-06-09T21:00:00.000-03:00,
82376,ZE DOCA,MA,Convencional,Operante,-3.26916666,-45.65111111,46.71,1970-08-24T21:00:00.000-03:00,
A255,ZE DOCA,MA,Automatica,Operante,-3.26916666,-45.65111111,45.5,2019-09-17T21:00:00.000-03:00,
A549,AGUAS VERMELHAS,MG,Automatica,Pane,-15.75166666,-41.45777777,754.07,2007-09-08T21:00:00.000-03:00,
A534,AIMORES,MG,Automatica,Operante,-19.53277777,-41.09083333,301.0,2007-08-04T21:00:00.000-03:00,
A508,ALMENARA,MG,Automatica,Operante,-16.16666666,-40.68777777,189.11,2002-12-14T22:00:00.000-02:00,
83442,ARACUAI,MG,Convencional,Operante,-16.84888888,-42.06083333,317.67,1918-09-05T21:00:00.000-03:00,
A566,ARACUAI,MG,Automatica,Operante,-16.84888888,-42.03527777,308.0,2017-05-18T21:00:00.000-03:00,
83579,ARAXA,MG,Convencional,Operante,-19.60555555,-46.94972221,1018.28,1916-09-06T21:00:00.000-03:00,
A505,ARAXA,MG,Automatica,Operante,-19.60583333,-46.94972221,1018.32,2002-12-18T22:00:00.000-02:00,
83384,ARINOS,MG,Convencional,Operante,-15.91527777,-46.10722222,523.0,1976-04-04T21:00:00.000-03:00,
A565,BAMBUI,MG,Automatica,Operante,-20.0311111,-46.00888888,697.0,2016-11-22T21:00:00.000-03:00,
A502,BARBACENA,MG,Automatica,Pane,-21.22833332,-43.76777777,1168.76,2002-12-04T22:00:00.000-02:00,
83587,BELO HORIZONTE,MG,Convencional,Operante,-19.93444444,-43.95222222,915.47,1910-03-02T21:25:56.000-02:34,
F501,BELO HORIZONTE - CERCADINHO,MG,Automatica,Operante,-19.97999999,-43.95861111,1199.55,2013-12-26T21:00:00.000-03:00,
A521,BELO HORIZONTE - PAMPULHA,MG,Automatica,Operante,-19.88388888,-43.96944443,854.02,2006-10-09T21:00:00.000-03:00,
A572,BELO HORIZONTE - SANTO AGOSTINHO,MG,Automatica,Operante,-19.93388888,-43.95222222,915.47,2025-08-27T21:00:00.000-03:00,
A544,BURITIS,MG,Automatica,Operante,-15.52416666,-46.43555555,894.0,2007-06-18T21:00:00.000-03:00,
A530,CALDAS,MG,Automatica,Operante,-21.91805554,-46.38305554,1077.34,2006-11-27T21:00:00.000-03:00,
A519,CAMPINA VERDE,MG,Automatica,Operante,-19.53916666,-49.51805554,559.07,2006-07-14T21:00:00.000-03:00,
83639,CAPARAO,MG,Convencional,Operante,-20.5261111,-41.90916666,836.25,1972-11-16T21:00:00.000-03:00,
A541,CAPELINHA,MG,Automatica,Operante,-17.70555555,-42.38916666,932.06,2007-08-30T21:00:00.000-03:00,
A554,CARATINGA,MG,Automatica,Operante,-19.73583333,-42.13722221,609.25,2007-05-23T21:00:00.000-03:00,
A520,CONCEICAO DAS ALAGOAS,MG,Automatica,Operante,-19.98583333,-48.15166666,572.54,2006-07-17T21:00:00.000-03:00,
A557,CORONEL PACHECO,MG,Automatica,Operante,-21.54666666,-43.26111111,411.14,2012-10-16T21:00:00.000-03:00,
A538,CURVELO,MG,Automatica,Operante,-18.74777777,-44.45388888,669.48,2006-12-17T21:00:00.000-03:00,
A537,DIAMANTINA,MG,Automatica,Operante,-18.231052,-43.648269,1359.25,2007-06-04T21:00:00.000-03:00,
A564,DIVINOPOLIS,MG,Automatica,Operante,-20.17333332,-44.87499999,796.0,2017-10-25T21:00:00.000-03:00,
A536,DORES DO INDAIA,MG,Automatica,Operante,-19.48194443,-45.59388888,721.09,2007-05-31T21:00:00.000-03:00,
A543,ESPINOSA,MG,Automatica,Operante,-14.91222222,-42.80861111,565.36,2007-11-13T21:00:00.000-03:00,
A535,FLORESTAL,MG,Automatica,Operante,-19.88527777,-44.41694443,753.5,2008-06-26T21:00:00.000-03:00,
A524,FORMIGA,MG,Automatica,Operante,-20.455,-45.45388888,878.14,2006-08-16T21:00:00.000-03:00,
83334,FORMOSO,MG,Convencional,Operante,-14.949727,-46.235795,854.6,1976-04-02T21:00:00.000-03:00,
A532,GOVERNADOR VALADARES,MG,Automatica,Operante,-18.83027777,-41.97694443,198.24,2007-05-26T21:00:00.000-03:00,
A533,GUANHAES,MG,Automatica,Operante,-18.78694444,-42.94305555,852.68,2007-06-01T21:00:00.000-03:00,
A546,GUARDA-MOR,MG,Automatica,Operante,-17.56138888,-47.19916666,997.01,2007-07-10T21:00:00.000-03:00,
A555,IBIRITE (ROLA MOCA),MG,Automatica,Pane,-20.03138888,-44.01111111,1198.82,2008-06-05T21:00:00.000-03:00,
A550,ITAOBIM,MG,Automatica,Pane,-16.57555554,-41.48555555,271.63,2007-09-04T21:00:00.000-03:00,
A512,ITUIUTABA,MG,Automatica,Operante,-18.95277777,-49.52499999,540.08,2006-05-11T21:00:00.000-03:00,
83386,JANUARIA,MG,Convencional,Operante,-15.44805555,-44.36638888,480.0,1912-06-18T21:25:56.000-02:34,
A559,JANUARIA,MG,Automatica,Operante,-15.44805555,-44.36638888,468.0,2016-06-22T21:00:00.000-03:00,
A553,JOAO PINHEIRO,MG,Automatica,Operante,-17.78444444,-46.11944443,877.05,2007-07-06T21:00:00.000-03:00,
83692,JUIZ DE FORA,MG,Convencional,Operante,-21.76999999,-43.36444444,936.9,1909-12-31T21:25:56.000-02:34,
A518,JUIZ DE FORA,MG,Automatica,Operante,-21.76999999,-43.36444444,936.88,2007-05-25T21:00:00.000-03:00,
83687,LAVRAS,MG,Convencional,Operante,-21.2261111,-44.97972221,916.19,1911-02-17T21:25:56.000-02:34,
A567,MACHADO,MG,Automatica,Operante,-21.68083332,-45.94444444,969.0,2017-07-20T21:00:00.000-03:00,
A556,MANHUACU,MG,Automatica,Operante,-20.26333333,-42.18277777,819.47,2010-09-24T21:00:00.000-03:00,
A540,MANTENA,MG,Automatica,Operante,-18.78055554,-40.98638888,254.91,2007-07-31T21:00:00.000-03:00,
A531,MARIA DA FE,MG,Automatica,Operante,-22.31444444,-45.37305554,1281.43,2006-11-30T21:00:00.000-03:00,
A539,MOCAMBINHO,MG,Automatica,Operante,-15.08583333,-44.01611111,454.0,2007-11-10T21:00:00.000-03:00,
A526,MONTALVANIA,MG,Automatica,Pane,-14.40833333,-44.40416666,519.52,2007-06-25T21:00:00.000-03:00,
A509,MONTE VERDE,MG,Automatica,Operante,-22.86166666,-46.04333333,1544.89,2004-12-18T21:00:00.000-03:00,
83437,MONTES CLAROS,MG,Convencional,Operante,-16.68638888,-43.84388888,645.87,1911-12-31T21:25:56.000-02:34,
A506,MONTES CLAROS,MG,Automatica,Operante,-16.68638888,-43.84388888,645.87,2002-12-18T22:00:00.000-02:00,
A517,MURIAE,MG,Automatica,Operante,-21.105,-42.37583332,282.79,2006-08-29T21:00:00.000-03:00,
A563,NOVA PORTEIRINHA (JANAUBA),MG,Automatica,Operante,-15.80277777,-43.29694444,532.0,2016-11-18T21:00:00.000-03:00,
A570,OLIVEIRA,MG,Automatica,Operante,-20.715,-44.86444444,1025.0,2017-10-18T21:00:00.000-03:00,
A513,OURO BRANCO,MG,Automatica,Operante,-20.55666666,-43.75611111,1048.2,2006-07-27T21:00:00.000-03:00,
A571,PARACATU,MG,Automatica,Operante,-17.24444444,-46.88166666,705.0,2018-03-15T21:00:00.000-03:00,
83737,PASSA QUATRO,MG,Convencional,Operante,-22.38277777,-44.96694443,919.55,1912-07-28T21:25:56.000-02:34,
A529,PASSA QUATRO,MG,Automatica,Operante,-22.39583333,-44.96194444,1017.1,2007-05-29T21:00:00.000-03:00,
A516,PASSOS,MG,Automatica,Operante,-20.74527777,-46.63388888,781.7,2006-07-15T21:00:00.000-03:00,
A562,PATOS DE MINAS,MG,Automatica,Pane,-18.52055554,-46.44055555,950.0,2017-05-11T21:00:00.000-03:00,
A523,PATROCINIO,MG,Automatica,Operante,-18.99666666,-46.98583333,978.11,2006-08-21T21:00:00.000-03:00,
83393,PEDRA AZUL,MG,Convencional,Operante,-16.00944444,-41.2811111,647.97,1918-09-30T21:00:00.000-03:00,
A545,PIRAPORA,MG,Automatica,Operante,-17.258064,-44.835556,505.32,2007-07-03T21:00:00.000-03:00,
A560,POMPEU,MG,Automatica,Operante,-19.23249999,-44.96416666,705.0,2015-08-20T21:00:00.000-03:00,
A551,RIO PARDO DE MINAS,MG,Automatica,Operante,-15.72305554,-42.43583333,850.06,2007-11-16T21:00:00.000-03:00,
A525,SACRAMENTO,MG,Automatica,Operante,-19.87527777,-47.43416666,913.12,2006-08-18T21:00:00.000-03:00,
A552,SALINAS,MG,Automatica,Operante,-16.16027777,-42.31027777,487.14,2007-09-13T21:00:00.000-03:00,
A514,SAO JOAO DEL REI,MG,Automatica,Operante,-21.10638888,-44.25083333,929.88,2006-06-08T21:00:00.000-03:00,
A547,SAO ROMAO,MG,Automatica,Pane,-16.36277777,-45.12388888,490.29,2007-06-29T21:00:00.000-03:00,
A561,SAO SEBASTIAO DO PARAISO,MG,Automatica,Pane,-20.91,-47.11416666,845.0,2015-08-16T21:00:00.000-03:00,
A522,SERRA DOS AIMORES,MG,Automatica,Operante,-17.79888888,-40.25,211.97,2006-08-20T21:00:00.000-03:00,
A569,SETE LAGOAS,MG,Automatica,Operante,-19.45527777,-44.17333332,719.0,2016-06-09T21:00:00.000-03:00,
A527,TEOFILO OTONI,MG,Automatica,Operante,-17.89277777,-41.51555555,467.17,2006-08-24T21:00:00.000-03:00,
A511,TIMOTEO,MG,Automatica,Operante,-19.57388888,-42.62249999,493.42,2006-02-21T21:00:00.000-03:00,
A528,TRES MARIAS,MG,Automatica,Operante,-18.20083333,-45.45972222,931.01,2006-08-24T21:00:00.000-03:00,
A568,UBERABA,MG,Automatica,Operante,-19.71,-47.96194444,778.0,2017-05-18T21:00:00.000-03:00,
A507,UBERLANDIA,MG,Automatica,Operante,-18.91694443,-48.25555555,874.77,2002-12-17T22:00:00.000-02:00,
83428,UNAI,MG,Convencional,Operante,-16.36638888,-46.88944444,595.59,1976-04-06T21:00:00.000-03:00,
A542,UNAI,MG,Automatica,Operante,-16.55416666,-46.88194443,640.85,2007-06-15T21:00:00.000-03:00,
A515,VARGINHA,MG,Automatica,Operante,-21.56638888,-45.40416666,949.78,2006-07-12T21:00:00.000-03:00,
A510,VICOSA,MG,Automatica,Operante,-20.7625,-42.86388888,697.64,2005-09-14T21:00:00.000-03:00,
A756,AGUA CLARA,MS,Automatica,Operante,-20.44444444,-52.87583332,323.63,2010-08-13T21:00:00.000-03:00,
S733,AGUA CLARA (FAZ. PELEJA),MS,Automatica,Operante,-19.774306,-53.273982,527.0,2025-08-19T21:00:00.000-03:00,
S731,ALCINOPOLIS (FAZ. VALE DO CEDRO),MS,Automatica,Operante,-18.052175,-53.845593,384.0,2025-08-13T21:00:00.000-03:00,
A750,AMAMBAI,MS,Automatica,Operante,-23.0025,-55.32944443,433.59,2008-06-10T21:00:00.000-03:00,
A772,AMAMBAI - NOVO HORIZONTE,MS,Automatica,Operante,-23.1211111,-54.86555555,,2026-02-17T21:00:00.000-03:00,
S736,ANAURILANDIA (FAZ. SANTO ANDRE),MS,Automatica,Operante,-22.046806,-52.897545,428.0,2025-08-29T21:00:00.000-03:00,
S701,ANGELICA,MS,Automatica,Operante,-22.14805555,-53.76361111,347.0,2018-04-08T21:00:00.000-03:00,
A719,AQUIDAUANA,MS,Automatica,Operante,-20.47555554,-55.78388888,151.35,2006-10-31T21:00:00.000-03:00,
S729,AQUIDAUANA (FAZ. BARRANCO ALTO),MS,Automatica,Operante,-19.573766,-56.155409,101.0,2025-08-05T21:00:00.000-03:00,
S702,ARAL MOREIRA,MS,Automatica,Operante,-22.955,-55.6261111,605.0,2018-04-12T21:00:00.000-03:00,
S703,BANDEIRANTES,MS,Automatica,Operante,-19.94555555,-54.3686111,624.0,2018-01-28T21:00:00.000-03:00,
A759,BATAGUASSU,MS,Automatica,Operante,-21.75,-52.47138888,392.13,2013-03-20T21:00:00.000-03:00,
S704,BONITO,MS,Automatica,Operante,-21.24666666,-56.45055555,329.0,2018-08-05T21:00:00.000-03:00,
S706,CAARAPO,MS,Automatica,Operante,-22.65694444,-54.81944443,456.0,2018-03-02T21:00:00.000-03:00,
S707,CAMAPUA,MS,Automatica,Operante,-19.58749999,-54.02999999,540.0,2018-02-18T21:00:00.000-03:00,
A702,CAMPO GRANDE,MS,Automatica,Operante,-20.44722221,-54.72249999,528.47,2001-09-09T21:00:00.000-03:00,
S730,CARACOL (FAZ. OURO E PRATA),MS,Automatica,Operante,-21.854199,-56.868788,392.0,2025-08-09T21:00:00.000-03:00,
A742,CASSILANDIA,MS,Automatica,Operante,-19.12249999,-51.72083332,494.72,2008-03-07T21:00:00.000-03:00,
A730,CHAPADAO DO SUL,MS,Automatica,Operante,-18.80222222,-52.6025,820.82,2006-12-19T21:00:00.000-03:00,
S722,CORGUINHO (FAZ. MORRO ALEGRE),MS,Automatica,Operante,-19.76111111,-55.32972221,597.0,2025-06-10T21:00:00.000-03:00,
A724,CORUMBA,MS,Automatica,Operante,-18.99666666,-57.63749999,111.73,2006-10-25T21:00:00.000-03:00,
S726,CORUMBA (ECOA AMOLAR),MS,Automatica,Operante,-18.040824,-57.489877,99.0,2025-07-25T21:00:00.000-03:00,
S718,CORUMBA (FAZ. CAMPO ZELIA),MS,Automatica,Operante,-18.6236111,-55.68666666,150.0,2025-05-19T21:00:00.000-03:00,
S727,CORUMBA (FAZ. ELDORADO DA FORMOSA),MS,Automatica,Operante,-17.908087,-56.5671,124.0,2025-07-28T21:00:00.000-03:00,
S721,CORUMBA (FAZ. SAO CANDIDO),MS,Automatica,Operante,-20.08583333,-57.30611111,108.0,2025-06-05T21:00:00.000-03:00,
S725,CORUMBA (FAZ. SAO FRANCISCO),MS,Automatica,Operante,-17.790603,-55.774991,145.0,2025-06-26T21:00:00.000-03:00,
S720,CORUMBA (FAZ. XARAES),MS,Automatica,Operante,-19.49444444,-56.95777777,155.0,2025-05-31T21:00:00.000-03:00,
A760,COSTA RICA,MS,Automatica,Operante,-18.49277777,-53.17138888,727.34,2012-12-03T21:00:00.000-03:00,
A720,COXIM,MS,Automatica,Pane,-18.51222222,-54.7361111,251.48,2006-11-05T21:00:00.000-03:00,
A721,DOURADOS,MS,Automatica,Operante,-22.19388888,-54.91138888,463.3,2006-10-17T21:00:00.000-03:00,
S708,FATIMA DO SUL,MS,Automatica,Operante,-22.30861111,-54.32583332,340.0,2018-02-27T21:00:00.000-03:00,
S732,FIGUEIRAO (FAZ. WATERLOO),MS,Automatica,Operante,-18.74532,-53.936083,462.0,2025-08-15T21:00:00.000-03:00,
S709,IGUATEMI,MS,Automatica,Operante,-23.64444444,-54.57027777,319.0,2018-02-18T21:00:00.000-03:00,
S734,INOCENCIA (FAZ. RECANTO),MS,Automatica,Operante,-19.98796,-52.139617,369.0,2025-08-22T21:00:00.000-03:00,
S710,ITAPORA,MS,Automatica,Operante,-22.09277777,-54.79888888,360.0,2018-02-25T21:00:00.000-03:00,
A752,ITAQUIRAI,MS,Automatica,Pane,-23.44944444,-54.18194443,337.82,2008-05-27T21:00:00.000-03:00,
A709,IVINHEMA,MS,Automatica,Operante,-22.30055555,-53.82277777,377.36,2003-02-07T22:00:00.000-02:00,
A758,JARDIM,MS,Automatica,Operante,-21.4786111,-56.13777777,252.47,2011-08-03T21:00:00.000-03:00,
A749,JUTI,MS,Automatica,Operante,-22.85722222,-54.60555555,375.18,2008-06-15T21:00:00.000-03:00,
S711,LAGUNA CARAPA,MS,Automatica,Operante,-22.57527777,-55.16027777,499.0,2018-04-11T21:00:00.000-03:00,
A731,MARACAJU,MS,Automatica,Operante,-21.60916666,-55.17749999,388.94,2006-12-14T21:00:00.000-03:00,
A722,MIRANDA,MS,Automatica,Operante,-20.39555555,-56.43166666,132.49,2006-11-01T21:00:00.000-03:00,
S735,NAVIRAI (FAZ. SANTA HELENA DO PINDO),MS,Automatica,Operante,-22.899909,-53.869219,303.0,2025-08-27T21:00:00.000-03:00,
A717,NHUMIRIM,MS,Automatica,Operante,-18.9886111,-56.62277777,102.26,2006-08-01T21:00:00.000-03:00,
S724,NIOAQUE (FAZ. BURITIZINHO DA DOMINGUENA),MS,Automatica,Operante,-21.067069,-55.645874,305.0,2025-06-20T21:00:00.000-03:00,
S712,NOVA ALVORADA DO SUL,MS,Automatica,Operante,-21.45083333,-54.34194444,407.0,2018-02-22T21:00:00.000-03:00,
S713,NOVA ANDRADINA,MS,Automatica,Operante,-22.0786111,-53.46583333,372.0,2018-04-08T21:00:00.000-03:00,
S723,PARAISO DAS AGUAS (FAZ. RANCHINHO),MS,Automatica,Operante,-19.233169,-53.329431,617.0,2025-06-15T21:00:00.000-03:00,
A710,PARANAIBA,MS,Automatica,Operante,-19.69555555,-51.18166666,408.06,2006-11-09T21:00:00.000-03:00,
S714,PEDRO GOMES,MS,Automatica,Operante,-18.07277777,-54.54888888,251.0,2018-02-01T21:00:00.000-03:00,
A703,PONTA PORA,MS,Automatica,Operante,-22.5525,-55.71638888,668.0,2001-09-06T21:00:00.000-03:00,
A723,PORTO MURTINHO,MS,Automatica,Operante,-21.70583333,-57.88666666,78.56,2006-10-23T21:00:00.000-03:00,
S719,PORTO MURTINHO (FAZ. SAO LUIS),MS,Automatica,Operante,-20.97305554,-57.40111111,178.1,2025-05-26T21:00:00.000-03:00,
S715,RIBAS DO RIO PARDO,MS,Automatica,Operante,-20.46666666,-53.76305555,442.0,2018-01-17T21:00:00.000-03:00,
S728,RIBAS DO RIO PARDO (FAZ. CAMPO RICO),MS,Automatica,Operante,-21.189845,-53.555382,449.0,2025-08-02T21:00:00.000-03:00,
A743,RIO BRILHANTE,MS,Automatica,Operante,-21.77499999,-54.52805554,324.31,2008-06-25T21:00:00.000-03:00,
S716,SANTA RITA DO PARDO,MS,Automatica,Operante,-21.30583333,-52.82027777,383.0,2018-02-18T21:00:00.000-03:00,
A732,SAO GABRIEL DO OESTE,MS,Automatica,Operante,-19.42027777,-54.55305555,646.0,2006-12-17T21:00:00.000-03:00,
A751,SETE QUEDAS,MS,Automatica,Operante,-23.96694443,-55.02416666,398.4,2008-06-02T21:00:00.000-03:00,
A754,SIDROLANDIA,MS,Automatica,Operante,-20.98166666,-54.97194443,471.43,2008-09-28T21:00:00.000-03:00,
A761,SONORA,MS,Automatica,Operante,-17.63527777,-54.76055555,495.25,2012-11-29T21:00:00.000-03:00,
A704,TRES LAGOAS,MS,Automatica,Operante,-20.79499999,-51.71333333,328.94,2001-09-02T21:00:00.000-03:00,
A908,AGUA BOA,MT,Automatica,Pane,-14.01638888,-52.21166666,440.0,2006-12-15T21:00:00.000-03:00,
A924,ALTA FLORESTA,MT,Automatica,Pane,-10.07722221,-56.17916666,291.85,2007-05-22T21:00:00.000-03:00,
A909,ALTO ARAGUAIA,MT,Automatica,Operante,-17.33944444,-53.22444443,753.28,2011-09-21T21:00:00.000-03:00,
A934,ALTO TAQUARI,MT,Automatica,Operante,-17.8411111,-53.28944444,862.42,2008-01-28T21:00:00.000-03:00,
A910,APIACAS,MT,Automatica,Pane,-9.56333333,-57.3936111,217.75,2006-10-23T21:00:00.000-03:00,
A964,ARIPUANA,MT,Automatica,Operante,-10.18249999,-59.45972222,230.0,2026-02-22T21:00:00.000-03:00,
A967,BARRA DO BUGRES,MT,Automatica,Operante,-15.07583332,-57.19472221,186.0,2026-02-02T21:00:00.000-03:00,
A945,BARRA DO GARCAS,MT,Automatica,Operante,-15.88472221,-52.22722221,304.0,2025-11-25T21:00:00.000-03:00,
A927,BRASNORTE (NOVO MUNDO),MT,Automatica,Operante,-12.52194443,-58.23138888,426.2,2008-02-28T21:00:00.000-03:00,
A941,CACERES,MT,Automatica,Operante,-16.12999999,-57.69083333,123.53,2012-03-29T21:00:00.000-03:00,2021-01-07T21:00:00.000-03:00
A905,CAMPO NOVO DOS PARECIS,MT,Automatica,Operante,-13.78583333,-57.8386111,525.41,2002-12-12T22:00:00.000-02:00,
A912,CAMPO VERDE,MT,Automatica,Operante,-15.55888888,-55.17944443,747.0,2006-11-20T21:00:00.000-03:00,
A962,CAMPOS DE JULIO,MT,Automatica,Operante,-13.72722221,-59.2625,620.0,2026-02-14T21:00:00.000-03:00,
A957,CANARANA,MT,Automatica,Operante,-13.47055554,-52.30444444,430.0,2026-02-08T21:00:00.000-03:00,
A926,CARLINDA,MT,Automatica,Pane,-9.97055554,-55.82749999,293.71,2008-04-08T21:00:00.000-03:00,
A958,CHAPADA DOS GUIMARAES,MT,Automatica,Operante,-15.46055555,-55.74972221,800.0,2026-02-05T21:00:00.000-03:00,
A954,COCALINHO,MT,Automatica,Operante,-14.38555555,-51.00972222,252.0,2025-12-02T21:00:00.000-03:00,
A965,COLNIZA,MT,Automatica,Operante,-9.45222222,-59.23527777,140.0,2026-02-21T21:00:00.000-03:00,
A963,COMODORO NORTE,MT,Automatica,Operante,-13.63555555,-59.78499999,624.0,2026-02-16T21:00:00.000-03:00,
A968,CONFRESA,MT,Automatica,Operante,-10.65416666,-51.55222222,240.0,2026-03-10T21:00:00.000-03:00,
A919,COTRIGUACU,MT,Automatica,Pane,-9.90638888,-58.57222221,265.0,2007-05-27T21:00:00.000-03:00,
A901,CUIABA,MT,Automatica,Operante,-15.60694444,-56.06083333,184.0,2002-12-07T22:00:00.000-02:00,
A949,DIAMANTINO,MT,Automatica,Operante,-14.37777777,-56.37972221,317.0,2025-11-26T21:00:00.000-03:00,
A970,ESPIGAO DO LESTE,MT,Automatica,Operante,-11.42666666,-52.18583333,380.0,2026-03-12T21:00:00.000-03:00,
A951,FELIZ NATAL,MT,Automatica,Operante,-12.39694444,-54.92999999,373.0,2025-12-11T21:00:00.000-03:00,
A930,GAUCHA DO NORTE,MT,Automatica,Operante,-13.18472221,-53.2575,375.87,2008-06-03T21:00:00.000-03:00,
A906,GUARANTA DO NORTE,MT,Automatica,Pane,-9.9525,-54.89777777,283.58,2002-12-19T22:00:00.000-02:00,
A932,GUIRATINGA,MT,Automatica,Operante,-16.34166666,-53.76611111,525.43,2008-01-23T21:00:00.000-03:00,
A950,ITANHANGA,MT,Automatica,Operante,-12.23416666,-56.60222222,350.0,2025-11-30T21:00:00.000-03:00,
A933,ITIQUIRA,MT,Automatica,Pane,-17.17499999,-54.50166666,593.12,2008-08-13T21:00:00.000-03:00,
A914,JUARA,MT,Automatica,Pane,-11.28027777,-57.52666666,263.43,2006-11-01T21:00:00.000-03:00,
A920,JUINA,MT,Automatica,Pane,-11.37499999,-58.77472221,365.39,2006-11-23T21:00:00.000-03:00,
A955,LUCAS DO RIO VERDE,MT,Automatica,Operante,-13.07499999,-55.91138888,393.0,2025-12-02T21:00:00.000-03:00,
A946,MARCELANDIA,MT,Automatica,Operante,-11.08499999,-54.51388888,291.0,2025-12-13T21:00:00.000-03:00,
A961,MIRASSOL D'OESTE,MT,Automatica,Operante,-15.64027777,-58.07888888,263.0,2026-02-04T21:00:00.000-03:00,
A953,NOVA CANAA DO NORTE,MT,Automatica,Operante,-10.62444443,-55.72416666,270.0,2025-12-15T21:00:00.000-03:00,
A928,NOVA MARINGA,MT,Automatica,Operante,-13.0386111,-57.09222221,334.36,2008-04-15T21:00:00.000-03:00,
A929,NOVA UBIRATA,MT,Automatica,Operante,-13.68666666,-54.95611111,466.48,2008-04-12T21:00:00.000-03:00,
A959,NOVA UBIRATA - SEDE,MT,Automatica,Operante,-13.03249999,-55.24194444,440.0,2026-03-04T21:00:00.000-03:00,
A956,NOVA XAVANTINA,MT,Automatica,Operante,-14.69777777,-52.35027777,306.0,2025-12-02T21:00:00.000-03:00,
A947,NOVO SANTO ANTONIO,MT,Automatica,Operante,-12.28805555,-50.97138888,205.0,2025-11-27T21:00:00.000-03:00,
A966,POCONE,MT,Automatica,Operante,-17.33666666,-56.76999999,100.0,2026-04-23T21:00:00.000-03:00,
A937,PONTES E LACERDA,MT,Automatica,Operante,-15.32527777,-59.2336111,272.53,2008-01-29T21:00:00.000-03:00,
A960,PORTO ESPERIDIAO,MT,Automatica,Operante,-15.86083333,-58.47222221,159.0,2026-02-06T21:00:00.000-03:00,
A935,PORTO ESTRELA,MT,Automatica,Operante,-15.32472221,-57.22583332,147.75,2008-05-29T21:00:00.000-03:00,
A923,PRIMAVERA DO LESTE,MT,Automatica,Operante,-15.57999999,-54.3811111,680.0,2017-10-25T21:00:00.000-03:00,
A916,QUERENCIA,MT,Automatica,Operante,-12.60305555,-52.1625,355.0,2007-07-17T21:00:00.000-03:00,
A907,RONDONOPOLIS,MT,Automatica,Operante,-16.4625,-54.58027777,289.88,2003-11-16T21:00:00.000-03:00,
A944,ROSARIO OESTE,MT,Automatica,Operante,-14.82888888,-56.44194444,195.0,2019-05-29T21:00:00.000-03:00,
A903,S.J. DO RIO CLARO,MT,Automatica,Operante,-13.45388888,-56.67722221,339.59,2003-02-24T21:00:00.000-03:00,
A936,SALTO DO CEU,MT,Automatica,Operante,-15.12472221,-58.12722221,300.83,2008-01-23T21:00:00.000-03:00,
A948,SANTA RITA DO TRIVELATO,MT,Automatica,Operante,-13.81805554,-55.26777777,510.0,2025-12-08T21:00:00.000-03:00,
A931,SANTO ANTONIO DO LESTE,MT,Automatica,Operante,-14.92499999,-53.88444444,662.0,2008-05-29T21:00:00.000-03:00,
A969,SANTO ANTONIO DO LEVERGER,MT,Automatica,Operante,-15.85472222,-56.07083332,190.0,2026-03-18T21:00:00.000-03:00,
A942,SAO JOSE DO XINGU,MT,Automatica,Pane,-10.48416666,-52.37249999,300.0,2019-02-18T21:00:00.000-03:00,
A911,SAPEZAL,MT,Automatica,Operante,-13.30388888,-58.76333333,105.0,2017-10-19T21:00:00.000-03:00,
A943,SERRA NOVA DOURADA,MT,Automatica,Pane,-11.98777777,-51.4261111,441.0,2019-03-28T21:00:00.000-03:00,
A917,SINOP,MT,Automatica,Operante,-11.98222221,-55.56611111,366.57,2006-10-28T21:00:00.000-03:00,
A904,SORRISO,MT,Automatica,Operante,-12.555,-55.72277777,379.31,2002-12-15T22:00:00.000-02:00,
A952,TABAPORA,MT,Automatica,Operante,-11.05055555,-56.83583333,337.0,2025-12-03T21:00:00.000-03:00,
A902,TANGARA DA SERRA,MT,Automatica,Operante,-14.65,-57.43166666,440.01,2002-12-10T22:00:00.000-02:00,
82353,ALTAMIRA,PA,Convencional,Operante,-3.21416666,-52.21305555,101.51,1927-04-23T21:00:00.000-03:00,
A253,ALTAMIRA,PA,Automatica,Operante,-3.26999999,-52.39472221,191.0,2018-10-24T21:00:00.000-03:00,
A201,BELEM,PA,Automatica,Operante,-1.41111111,-48.43944444,21.17,2003-01-19T22:00:00.000-02:00,
82246,BELTERRA,PA,Convencional,Operante,-2.64222221,-54.94388888,164.3,1971-07-31T21:00:00.000-03:00,
A226,BRAGANCA,PA,Automatica,Operante,-1.05583333,-46.78277777,5.6,2008-03-10T21:00:00.000-03:00,
82188,BREVES,PA,Convencional,Operante,-1.68027777,-50.47805554,9.8,1970-08-31T21:00:00.000-03:00,
A228,BREVES,PA,Automatica,Pane,-1.68027777,-50.47805554,11.0,2017-10-19T21:00:00.000-03:00,
82263,CAMETA,PA,Convencional,Operante,-2.23972221,-49.49972221,9.93,1970-04-30T21:00:00.000-03:00,
A236,CAMETA,PA,Automatica,Pane,-2.23972221,-49.49972221,9.92,2008-06-19T21:00:00.000-03:00,
A248,CAPITAO POCO,PA,Automatica,Operante,-1.73472221,-47.0575,79.1,2011-04-17T21:00:00.000-03:00,
A202,CASTANHAL,PA,Automatica,Operante,-1.30083333,-47.94805555,47.13,2003-01-23T22:00:00.000-02:00,
82861,CONCEICAO DO ARAGUAIA,PA,Convencional,Operante,-8.25916666,-49.26388888,179.02,1920-03-18T21:00:00.000-03:00,
A241,CONCEICAO DO ARAGUAIA,PA,Automatica,Operante,-8.30361111,-49.28277777,175.74,2008-09-03T21:00:00.000-03:00,
A252,DOM ELISEU,PA,Automatica,Operante,-4.28055554,-47.56388888,251.0,2018-03-07T21:00:00.000-03:00,
82445,ITAITUBA,PA,Convencional,Operante,-4.27694443,-55.99305555,24.5,1927-12-31T21:00:00.000-03:00,
A231,ITAITUBA,PA,Automatica,Operante,-4.27694443,-55.99305555,24.46,2008-02-16T21:00:00.000-03:00,
A240,MARABA,PA,Automatica,Pane,-5.36638888,-49.05111111,116.58,2009-06-24T21:00:00.000-03:00,
A209,MEDICILANDIA,PA,Automatica,Pane,-3.51083333,-52.96333333,251.68,2008-02-16T21:00:00.000-03:00,
A246,MINA DO PALITO,PA,Automatica,Operante,-6.31999999,-55.78777777,259.88,2010-09-27T21:00:00.000-03:00,
A239,MONTE ALEGRE,PA,Automatica,Operante,-2.0,-54.07638888,100.53,2012-07-05T21:00:00.000-03:00,
A235,NOVO REPARTIMENTO,PA,Automatica,Operante,-4.24388888,-49.93944444,100.76,2008-07-22T21:00:00.000-03:00,
A232,OBIDOS,PA,Automatica,Pane,-1.88083332,-55.51972221,89.64,2012-07-04T21:00:00.000-03:00,
A210,PACAJA,PA,Automatica,Operante,-3.8436111,-50.63805555,89.02,2008-02-26T21:00:00.000-03:00,
A212,PARAGOMINAS,PA,Automatica,Operante,-2.90055555,-47.49499999,88.0,2007-10-17T21:00:00.000-03:00,
A211,PLACAS,PA,Automatica,Pane,-3.86416666,-54.21638888,100.45,2008-02-13T21:00:00.000-03:00,
82184,PORTO DE MOZ,PA,Convencional,Operante,-1.751055,-52.236186,13.08,1928-04-22T21:00:00.000-03:00,
A245,PORTO DE MOZ,PA,Automatica,Operante,-1.82194443,-52.11166666,19.0,2022-04-06T21:00:00.000-03:00,
A254,REDENCAO,PA,Automatica,Operante,-8.04333333,-50.00694444,199.0,2019-07-10T21:00:00.000-03:00,
A214,RONDON DO PARA,PA,Automatica,Pane,-4.82749999,-48.1736111,203.0,2008-04-16T21:00:00.000-03:00,
A215,SALINOPOLIS,PA,Automatica,Operante,-0.61888888,-47.35666666,23.18,2008-06-13T21:00:00.000-03:00,
A256,SANTA MARIA DAS BARREIRAS,PA,Automatica,Operante,-8.72972221,-49.85638888,165.0,2020-12-17T21:00:00.000-03:00,
A233,SANTANA DO ARAGUAIA,PA,Automatica,Pane,-9.34055555,-50.35027777,154.0,2008-05-29T21:00:00.000-03:00,
A250,SANTAREM,PA,Automatica,Operante,-2.5025,-54.72027777,137.0,2015-09-01T21:00:00.000-03:00,
A216,SAO FELIX DO XINGU,PA,Automatica,Pane,-6.63972221,-51.95694444,211.0,2016-11-14T21:00:00.000-03:00,
A230,SERRA DOS CARAJAS,PA,Automatica,Pane,-6.07749999,-50.14222221,707.0,2008-09-02T21:00:00.000-03:00,
A227,SOURE,PA,Automatica,Pane,-0.72777777,-48.51583333,12.54,2008-04-26T21:00:00.000-03:00,
A213,TOME ACU,PA,Automatica,Operante,-2.59249999,-48.36055555,42.95,2007-10-13T21:00:00.000-03:00,
82145,TRACUATEUA,PA,Convencional,Operante,-1.06361111,-46.86527777,24.68,1972-09-07T21:00:00.000-03:00,
A234,TUCUMA,PA,Automatica,Operante,-6.74333333,-51.14194444,320.93,2008-07-17T21:00:00.000-03:00,
A229,TUCURUI,PA,Automatica,Operante,-3.82277777,-49.67499999,137.94,2008-02-29T21:00:00.000-03:00,
A247,XINGUARA,PA,Automatica,Pane,-7.11055555,-49.9261111,245.0,2016-09-10T21:00:00.000-03:00,
82696,AREIA,PB,Convencional,Operante,-6.97555554,-35.71805554,571.75,1928-12-31T21:00:00.000-03:00,
A310,AREIA,PB,Automatica,Operante,-6.97555554,-35.71805554,573.45,2004-11-15T21:00:00.000-03:00,
A348,CABACEIRAS,PB,Automatica,Operante,-7.48333333,-36.28638888,391.96,2008-02-27T21:00:00.000-03:00,
A352,CAMARATUBA,PB,Automatica,Operante,-6.56194444,-35.13527777,135.51,2008-05-03T21:00:00.000-03:00,
A313,CAMPINA GRANDE,PB,Automatica,Operante,-7.22555554,-35.90472222,546.17,2006-12-21T21:00:00.000-03:00,
A373,ITAPORANGA,PB,Automatica,Operante,-7.31833332,-38.14083333,292.0,2017-11-02T21:00:00.000-03:00,
82798,JOAO PESSOA,PB,Convencional,Operante,-7.09527777,-34.8486111,9.67,1911-12-31T21:25:56.000-02:34,
A320,JOAO PESSOA,PB,Automatica,Operante,-7.1436111,-34.84972221,43.0,2007-07-20T21:00:00.000-03:00,
82792,MONTEIRO,PB,Convencional,Operante,-7.89444444,-37.12472221,606.41,1940-01-13T21:00:00.000-03:00,
A334,MONTEIRO,PB,Automatica,Operante,-7.88277777,-37.12749999,606.39,2007-08-21T21:00:00.000-03:00,
82791,PATOS,PB,Convencional,Operante,-7.05361111,-37.27388888,251.65,1975-10-16T21:00:00.000-03:00,
A321,PATOS,PB,Automatica,Operante,-7.07972221,-37.27277777,263.66,2007-07-20T21:00:00.000-03:00,
82689,SAO GONCALO,PB,Convencional,Operante,-6.83583333,-38.31166666,237.04,1938-10-07T21:00:00.000-03:00,
A333,SAO GONCALO,PB,Automatica,Operante,-6.83583333,-38.31166666,237.04,2007-11-05T21:00:00.000-03:00,
A388,ALIANCA,PE,Automatica,Operante,-7.60916666,-35.23527777,99.0,2026-08-01T21:00:00.000-03:00,
82890,ARCO VERDE,PE,Convencional,Operante,-8.4336111,-37.05527777,683.91,1973-01-31T21:00:00.000-03:00,
A309,ARCO VERDE,PE,Automatica,Operante,-8.4336111,-37.05555555,683.95,2004-11-19T21:00:00.000-03:00,
A329,CABROBO,PE,Automatica,Operante,-8.50388888,-39.31527777,342.74,2007-09-03T21:00:00.000-03:00,
A341,CARUARU,PE,Automatica,Pane,-8.35611111,-36.02833332,837.0,2007-11-20T21:00:00.000-03:00,
A351,FLORESTA,PE,Automatica,Operante,-8.59888888,-38.58416666,327.42,2008-09-14T21:00:00.000-03:00,
A322,GARANHUNS,PE,Automatica,Operante,-8.91083333,-36.49333333,827.78,2007-07-07T21:00:00.000-03:00,
A349,IBIMIRIM,PE,Automatica,Pane,-8.50944444,-37.71166666,434.23,2008-10-13T21:00:00.000-03:00,
A389,ITAPISSUMA,PE,Automatica,Operante,-7.77749999,-34.90027777,7.0,2026-07-29T21:00:00.000-03:00,
82753,OURICURI,PE,Convencional,Operante,-7.87944443,-40.09194444,462.01,1975-09-15T21:00:00.000-03:00,
A366,OURICURI,PE,Automatica,Operante,-7.88583333,-40.10277777,457.85,2010-08-10T21:00:00.000-03:00,
A357,PALMARES,PE,Automatica,Operante,-8.66666666,-35.56805554,164.01,2008-09-03T21:00:00.000-03:00,
82983,PETROLINA,PE,Convencional,Operante,-9.3886111,-40.52333332,372.54,1940-12-31T21:00:00.000-03:00,
A301,RECIFE,PE,Automatica,Operante,-8.01888888,-34.94416666,10.0,2004-12-21T21:00:00.000-03:00,
A370,SALGUEIRO,PE,Automatica,Operante,-8.05805555,-39.0961111,447.0,2017-09-14T21:00:00.000-03:00,
A387,SANTA CRUZ DO CAPIBARIBE,PE,Automatica,Operante,-7.95083333,-36.22583332,456.0,2026-08-04T21:00:00.000-03:00,
A390,SAO JOSE DA COROA GRANDE,PE,Automatica,Operante,-8.8861111,-35.15305555,9.0,2026-08-09T21:00:00.000-03:00,
A350,SERRA TALHADA,PE,Automatica,Operante,-7.95416666,-38.29499999,499.02,2008-07-08T21:00:00.000-03:00,
82797,SURUBIM,PE,Convencional,Operante,-7.84249999,-35.79027777,421.44,1929-09-30T21:00:00.000-03:00,
A328,SURUBIM,PE,Automatica,Operante,-7.84249999,-35.79027777,421.44,2008-03-08T21:00:00.000-03:00,
A336,ALVORADA DO GURGUEIA,PI,Automatica,Pane,-8.37638888,-43.85944444,225.0,2007-11-16T21:00:00.000-03:00,
A377,ANGICAL DO PIAUI,PI,Automatica,Pane,-6.08944444,-42.72749999,183.0,2019-11-13T21:00:00.000-03:00,
A375,BAIXA GRANDE DO RIBEIRO,PI,Automatica,Operante,-8.333531,-45.094625,519.0,2018-03-22T21:00:00.000-03:00,
A326,BOM JESUS DO PIAUI,PI,Automatica,Pane,-9.07999999,-44.32777777,288.0,2007-07-16T21:00:00.000-03:00,
A376,CAMPO MAIOR,PI,Automatica,Operante,-4.86416666,-42.14555555,125.0,2018-11-22T21:00:00.000-03:00,
A365,CANTO DO BURITI,PI,Automatica,Operante,-8.11805554,-42.97583332,312.07,2010-06-11T21:00:00.000-03:00,
A337,CARACOL,PI,Automatica,Pane,-9.28583333,-43.32444443,515.3,2007-11-09T21:00:00.000-03:00,
A361,CASTELO DO PIAUI,PI,Automatica,Operante,-5.34916666,-41.51222222,268.75,2009-04-19T21:00:00.000-03:00,
A374,CORRENTE,PI,Automatica,Operante,-10.42916666,-45.17305554,452.0,2018-03-27T21:00:00.000-03:00,
82678,FLORIANO,PI,Convencional,Operante,-6.76166666,-43.00333333,126.6,1968-01-20T22:00:00.000-02:00,
A311,FLORIANO,PI,Automatica,Pane,-6.76138888,-43.00333333,126.39,2004-11-17T21:00:00.000-03:00,
A364,GILBUES,PI,Automatica,Pane,-9.87527777,-45.34583333,425.1,2009-05-15T21:00:00.000-03:00,
82296,LUZILANDIA(LAG.DO PIAUI),PI,Convencional,Operante,-3.46972221,-42.26805554,44.13,1972-05-17T21:00:00.000-03:00,
A354,OEIRAS,PI,Automatica,Operante,-6.97416666,-42.14694444,154.03,2008-07-21T21:00:00.000-03:00,
A308,PARNAIBA,PI,Automatica,Pane,-3.08666666,-41.78305554,52.11,2003-02-05T22:00:00.000-02:00,
82882,PAULISTANA,PI,Convencional,Operante,-8.13222221,-41.14305555,376.0,1975-09-21T21:00:00.000-03:00,
A330,PAULISTANA,PI,Automatica,Operante,-8.13222221,-41.14305555,376.0,2007-08-30T21:00:00.000-03:00,
A343,PICOS,PI,Automatica,Operante,-7.0711111,-41.40416666,232.91,2008-12-11T21:00:00.000-03:00,
A335,PIRIPIRI,PI,Automatica,Operante,-4.2761111,-41.79444444,157.89,2007-08-30T21:00:00.000-03:00,
A331,SAO JOAO DO PIAUI,PI,Automatica,Operante,-8.36444444,-42.2525,231.0,2007-08-25T21:00:00.000-03:00,
A345,SAO RAIMUNDO NONATO,PI,Automatica,Pane,-9.03305554,-42.70111111,385.0,2008-02-26T21:00:00.000-03:00,
A312,TERESINA,PI,Automatica,Operante,-5.03472221,-42.80138888,75.23,2004-11-23T21:00:00.000-03:00,
A346,URUCUI,PI,Automatica,Pane,-7.44138888,-44.34499999,398.83,2008-03-05T21:00:00.000-03:00,
A363,VALENCA DO PIAUI,PI,Automatica,Pane,-6.4236111,-41.74888888,372.0,2009-04-17T21:00:00.000-03:00,
B803,CAMPINA DA LAGOA,PR,Automatica,Operante,-24.57083332,-52.80027777,598.0,2016-08-03T21:00:00.000-03:00,
A819,CASTRO,PR,Automatica,Operante,-24.77999999,-50.04638888,1016.0,2006-07-08T21:00:00.000-03:00,
A869,CIDADE GAUCHA,PR,Automatica,Operante,-23.35916666,-52.93194443,365.79,2008-03-10T21:00:00.000-03:00,
A876,CLEVELANDIA,PR,Automatica,Operante,-26.41722221,-52.3486111,966.06,2008-05-14T21:00:00.000-03:00,
B806,COLOMBO,PR,Automatica,Operante,-25.32249999,-49.15777777,950.0,2016-05-31T21:00:00.000-03:00,
A807,CURITIBA,PR,Automatica,Operante,-25.4486111,-49.23055554,922.91,2003-01-27T22:00:00.000-02:00,
A849,DIAMANTE DO NORTE,PR,Automatica,Operante,-22.63944444,-52.89027777,368.22,2008-03-05T21:00:00.000-03:00,
A843,DOIS VIZINHOS,PR,Automatica,Operante,-25.69916666,-53.09527777,545.95,2007-03-28T21:00:00.000-03:00,
A846,FOZ DO IGUACU,PR,Automatica,Pane,-25.60194444,-54.48305554,235.09,2008-02-14T21:00:00.000-03:00,
A875,GENERAL CARNEIRO,PR,Automatica,Operante,-26.3986111,-51.35361111,1009.01,2008-04-29T21:00:00.000-03:00,
A825,GOIOERE,PR,Automatica,Operante,-24.18388888,-53.04888888,481.0,2006-10-18T21:00:00.000-03:00,
A824,ICARAIMA,PR,Automatica,Pane,-23.39027777,-53.63583333,381.29,2006-11-15T21:00:00.000-03:00,
A823,INACIO MARTINS,PR,Automatica,Operante,-25.56777777,-51.07805554,1208.85,2006-10-15T21:00:00.000-03:00,
A818,IVAI,PR,Automatica,Operante,-25.01083333,-50.85388888,803.58,2006-07-10T21:00:00.000-03:00,
A871,JAPIRA,PR,Automatica,Operante,-23.77333332,-50.18055554,692.88,2008-02-28T21:00:00.000-03:00,
A821,JOAQUIM TAVORA,PR,Automatica,Operante,-23.50527777,-49.94638888,512.67,2006-11-22T21:00:00.000-03:00,
B804,LARANJEIRAS DO SUL,PR,Automatica,Operante,-25.37138888,-52.40083333,889.0,2016-08-06T21:00:00.000-03:00,
83766,LONDRINA,PR,Convencional,Operante,-23.32555554,-51.14166666,566.0,1953-12-10T21:00:00.000-03:00,
A820,MAL. CANDIDO RONDON,PR,Automatica,Operante,-24.53333333,-54.01916666,392.07,2006-11-17T21:00:00.000-03:00,
83767,MARINGA,PR,Convencional,Operante,-23.40527777,-51.93277777,542.0,1953-11-30T21:00:00.000-03:00,
A835,MARINGA,PR,Automatica,Operante,-23.40527777,-51.93277777,548.51,2006-11-20T21:00:00.000-03:00,
A873,MORRETES,PR,Automatica,Operante,-25.50888888,-48.80861111,50.31,2008-03-12T21:00:00.000-03:00,
A842,NOVA FATIMA,PR,Automatica,Pane,-23.41527777,-50.57777777,664.31,2007-02-07T21:00:00.000-03:00,
A822,NOVA TEBAS,PR,Automatica,Operante,-24.43388888,-51.95388888,660.0,2006-12-20T21:00:00.000-03:00,
A850,PARANAPOEMA,PR,Automatica,Pane,-22.65833333,-52.13444444,308.7,2008-03-03T21:00:00.000-03:00,
A855,PLANALTO,PR,Automatica,Operante,-25.72194443,-53.74805555,399.1,2007-11-06T21:00:00.000-03:00,
A874,SAO MATEUS DO SUL,PR,Automatica,Pane,-25.83555555,-50.36888888,780.21,2011-04-16T21:00:00.000-03:00,
A872,VENTANIA,PR,Automatica,Operante,-24.28027777,-50.21027777,1093.41,2011-04-14T21:00:00.000-03:00,
83007,ALTO DA BOA VISTA,RJ,Convencional,Operante,-22.96583333,-43.27916666,366.0,1966-05-31T21:00:00.000-03:00,
A628,ANGRA DOS REIS,RJ,Automatica,Operante,-22.97555554,-44.30333333,6.0,2017-08-24T21:00:00.000-03:00,
A606,ARRAIAL DO CABO,RJ,Automatica,Operante,-22.97527777,-42.02138888,5.0,2006-09-21T21:00:00.000-03:00,
A604,CAMBUCI,RJ,Automatica,Operante,-21.58749999,-41.95833333,46.0,2002-11-19T22:00:00.000-02:00,
83698,CAMPOS,RJ,Convencional,Operante,-21.74249999,-41.33277777,11.2,1911-06-16T21:25:56.000-02:34,
A607,CAMPOS DOS GOYTACAZES,RJ,Automatica,Operante,-21.71472222,-41.34388888,17.0,2006-09-24T21:00:00.000-03:00,
A620,CAMPOS DOS GOYTACAZES - SAO TOME,RJ,Automatica,Operante,-22.04166666,-41.05166666,7.0,2008-06-12T21:00:00.000-03:00,
A629,CARMO,RJ,Automatica,Operante,-21.9386111,-42.60083333,293.0,2018-10-10T21:00:00.000-03:00,
83718,CORDEIRO,RJ,Convencional,Operante,-22.02222221,-42.36444444,505.9,1971-07-15T21:00:00.000-03:00,
A603,DUQUE DE CAXIAS - XEREM,RJ,Automatica,Operante,-22.58972221,-43.28222221,22.0,2002-10-20T21:00:00.000-03:00,
83695,ITAPERUNA,RJ,Convencional,Operante,-21.20444444,-41.90555555,123.6,1921-12-31T21:00:00.000-03:00,
A608,MACAE,RJ,Automatica,Operante,-22.3761111,-41.81194444,28.0,2006-09-21T21:00:00.000-03:00,
A627,NITEROI,RJ,Automatica,Operante,-22.86749999,-43.10194444,6.0,2018-07-12T21:00:00.000-03:00,
A624,NOVA FRIBURGO - SALINAS,RJ,Automatica,Operante,-22.33472221,-42.67694443,1070.0,2010-09-17T21:00:00.000-03:00,
A619,PARATY,RJ,Automatica,Operante,-23.2236111,-44.72694443,3.0,2006-11-18T21:00:00.000-03:00,
A637,PATY DO ALFERES - AVELAR,RJ,Automatica,Operante,-22.34722221,-43.41777777,508.0,2022-11-09T21:00:00.000-03:00,
A610,PICO DO COUTO,RJ,Automatica,Operante,-22.46472222,-43.29138888,1777.0,2006-10-21T21:00:00.000-03:00,
A609,RESENDE,RJ,Automatica,Operante,-22.45138888,-44.44499999,438.83,2006-09-28T21:00:00.000-03:00,
A626,RIO CLARO,RJ,Automatica,Operante,-22.653579,-44.040916,516.0,2016-06-02T21:00:00.000-03:00,
A652,RIO DE JANEIRO - FORTE DE COPACABANA,RJ,Automatica,Operante,-22.98833333,-43.19055555,25.59,2007-05-17T21:00:00.000-03:00,
A636,RIO DE JANEIRO - JACAREPAGUA,RJ,Automatica,Operante,-22.93999999,-43.40277777,20.0,2017-08-09T21:00:00.000-03:00,
A621,RIO DE JANEIRO - VILA MILITAR,RJ,Automatica,Operante,-22.86138888,-43.41138888,30.43,2007-04-12T21:00:00.000-03:00,
A602,RIO DE JANEIRO-MARAMBAIA,RJ,Automatica,Operante,-23.05027777,-43.59555555,12.0,2002-11-07T22:00:00.000-02:00,
A630,SANTA MARIA MADALENA,RJ,Automatica,Operante,-21.95055555,-42.01027777,586.0,2018-10-15T21:00:00.000-03:00,
83805,SANTO ANTONIO DE PADUA,RJ,Convencional,Operante,-21.53694444,-42.16083333,95.0,1924-03-31T21:00:00.000-03:00,
A667,SAQUAREMA - SAMPAIO CORREIA,RJ,Automatica,Operante,-22.8711111,-42.60888888,26.0,2015-09-01T21:00:00.000-03:00,
A601,SEROPEDICA-ECOLOGIA AGRICOLA,RJ,Automatica,Operante,-22.75777777,-43.68472221,35.0,2000-05-23T21:00:00.000-03:00,
A659,SILVA JARDIM,RJ,Automatica,Operante,-22.64583333,-42.41555555,19.0,2015-08-27T21:00:00.000-03:00,
83744,TERESOPOLIS,RJ,Convencional,Operante,-22.41722221,-42.97222221,874.2,1912-12-31T21:25:56.000-02:34,
A618,TERESOPOLIS-PARQUE NACIONAL,RJ,Automatica,Operante,-22.4486111,-42.98694444,981.0,2006-10-31T21:00:00.000-03:00,
A625,TRES RIOS,RJ,Automatica,Operante,-22.09833333,-43.20833333,295.0,2016-06-07T21:00:00.000-03:00,
A611,VALENCA,RJ,Automatica,Operante,-22.35805555,-43.69555555,370.0,2006-09-26T21:00:00.000-03:00,
82590,APODI,RN,Convencional,Operante,-5.62666666,-37.815,131.37,1962-12-17T21:00:00.000-03:00,
A340,APODI,RN,Automatica,Operante,-5.62666666,-37.815,131.41,2007-11-13T21:00:00.000-03:00,
A316,CAICO,RN,Automatica,Operante,-6.46749999,-37.08499999,171.26,2007-01-06T21:00:00.000-03:00,
A344,CALCANHAR,RN,Automatica,Pane,-5.16,-35.48749999,9.82,2008-05-07T21:00:00.000-03:00,
82596,CEARA MIRIM,RN,Convencional,Operante,-5.65333333,-35.42583332,62.2,1967-05-31T21:00:00.000-03:00,
A372,IPANGUACU,RN,Automatica,Operante,-5.53499999,-36.87222221,19.0,2017-11-07T21:00:00.000-03:00,
A317,MACAU,RN,Automatica,Pane,-5.15111111,-36.57305554,17.37,2007-01-05T21:00:00.000-03:00,
A318,MOSSORO,RN,Automatica,Operante,-4.90416666,-37.36694443,29.44,2007-05-21T21:00:00.000-03:00,
82598,NATAL,RN,Convencional,Operante,-5.83722221,-35.20777777,47.68,1910-12-31T21:25:56.000-02:34,
A304,NATAL,RN,Automatica,Operante,-5.83722221,-35.20805555,47.46,2003-02-23T21:00:00.000-03:00,
A367,SANTA CRUZ,RN,Automatica,Operante,-6.22805554,-36.02666666,227.49,2010-08-16T21:00:00.000-03:00,
82690,SERIDO (CAICO),RN,Convencional,Operante,-6.46749999,-37.08499999,171.26,1995-03-13T21:00:00.000-03:00,
A940,ARIQUEMES,RO,Automatica,Pane,-9.94888888,-62.96194444,128.44,2008-07-17T21:00:00.000-03:00,
A939,CACOAL,RO,Automatica,Operante,-11.44583333,-61.43416666,183.53,2008-07-19T21:00:00.000-03:00,
A925,PORTO VELHO,RO,Automatica,Operante,-8.7936111,-63.84583333,86.7,2007-07-10T21:00:00.000-03:00,
A938,VILHENA,RO,Automatica,Pane,-12.73499999,-60.15777777,583.3,2008-08-25T21:00:00.000-03:00,
A135,BOA VISTA,RR,Automatica,Pane,2.81694443,-60.69083333,82.35,2010-08-25T21:00:00.000-03:00,
82042,CARACARAI,RR,Convencional,Operante,1.83249999,-61.12083332,51.99,1970-01-10T21:00:00.000-03:00,
B828,ACEGUA,RS,Automatica,Pane,-31.87472221,-54.11972221,271.0,2025-09-16T21:00:00.000-03:00,
B843,AJURICABA,RS,Automatica,Operante,-28.22083332,-53.6736111,416.0,2025-12-01T21:00:00.000-03:00,
A826,ALEGRETE,RS,Automatica,Operante,-29.70916666,-55.52555554,121.0,2006-09-27T21:00:00.000-03:00,
B847,ALEGRETE (MARONNA),RS,Automatica,Operante,-29.82138888,-55.88722221,120.0,2026-02-03T21:00:00.000-03:00,
A827,BAGE,RS,Automatica,Operante,-31.34777777,-54.01333333,226.19,2007-01-03T21:00:00.000-03:00,
B827,BAGE - CENTRO,RS,Automatica,Operante,-31.30555555,-54.01333333,226.2,2025-07-31T21:00:00.000-03:00,
B848,BARRA DO QUARAI,RS,Automatica,Pane,-30.11166666,-57.3361111,91.0,2026-01-26T21:00:00.000-03:00,
A840,BENTO GONCALVES,RS,Automatica,Operante,-29.16444444,-51.53416666,639.0,2006-11-30T21:00:00.000-03:00,
B856,BOM JESUS (INMET),RS,Automatica,Operante,-28.66944443,-50.44194444,1054.0,2026-03-02T21:00:00.000-03:00,
B857,BOM JESUS - SANTO INACIO,RS,Automatica,Operante,-28.51388888,-50.16777777,1132.0,2026-03-02T21:00:00.000-03:00,
A812,CACAPAVA DO SUL,RS,Automatica,Operante,-30.54527777,-53.46694443,420.82,2006-06-21T21:00:00.000-03:00,
B822,CACHOEIRA DO SUL,RS,Automatica,Operante,-30.01833332,-52.93888888,73.0,2025-09-16T21:00:00.000-03:00,
B808,CACHOEIRINHA,RS,Automatica,Operante,-29.95138888,-51.12416666,72.0,2025-02-17T21:00:00.000-03:00,
A838,CAMAQUA,RS,Automatica,Pane,-30.80805555,-51.83416666,92.3,2006-12-11T21:00:00.000-03:00,
A897,CAMBARA DO SUL,RS,Automatica,Pane,-29.04916666,-50.14972221,1017.0,2016-11-23T21:00:00.000-03:00,
A884,CAMPO BOM,RS,Automatica,Operante,-29.67416666,-51.06416666,23.35,2013-11-28T21:00:00.000-03:00,
A879,CANELA,RS,Automatica,Operante,-29.36888888,-50.82722221,830.93,2008-08-22T21:00:00.000-03:00,
A811,CANGUCU,RS,Automatica,Pane,-31.40333333,-52.70083333,446.81,2007-01-23T21:00:00.000-03:00,
B832,CAPAO DA CANOA,RS,Automatica,Operante,-29.68527777,-49.99305555,0.0,2025-10-12T21:00:00.000-03:00,
A887,CAPAO DO LEAO (PELOTAS),RS,Automatica,Pane,-31.8025,-52.40722222,13.0,2019-07-17T21:00:00.000-03:00,
B842,CARAZINHO,RS,Automatica,Operante,-28.32333332,-52.81444444,581.0,2025-11-30T21:00:00.000-03:00,
B858,CASCA,RS,Automatica,Operante,-28.56361111,-51.96916666,602.0,2026-02-23T21:00:00.000-03:00,
83942,CAXIAS DO SUL,RS,Convencional,Operante,-29.1961111,-51.18638888,750.16,1912-04-11T21:25:56.000-02:34,
B818,CAXIAS DO SUL - AEROPORTO,RS,Automatica,Operante,-29.1961111,-51.18638888,756.0,2025-08-13T21:00:00.000-03:00,
B817,CAXIAS DO SUL - CRIUVA,RS,Automatica,Operante,-28.87416666,-50.97555554,857.0,2025-07-31T21:00:00.000-03:00,
B812,CHARQUEADAS,RS,Automatica,Operante,-29.96555555,-51.62555554,23.0,2025-04-30T21:00:00.000-03:00,
A853,CRUZ ALTA,RS,Automatica,Operante,-28.60333333,-53.6736111,426.69,2007-05-30T21:00:00.000-03:00,
B833,CRUZ ALTA ( CENTRO),RS,Automatica,Operante,-28.62583332,-53.61361111,475.0,2025-10-12T21:00:00.000-03:00,
B852,DILERMANDO DE AGUIAR,RS,Automatica,Operante,-29.72555554,-54.18805555,143.0,2026-02-03T21:00:00.000-03:00,
A881,DOM PEDRITO,RS,Automatica,Pane,-31.0025,-54.61805554,150.0,2010-04-22T21:00:00.000-03:00,
A893,ENCRUZILHADA DO SUL,RS,Automatica,Operante,-30.54305555,-52.52472221,427.75,2018-03-14T21:00:00.000-03:00,
A828,ERECHIM,RS,Automatica,Operante,-27.65777777,-52.30583333,777.08,2006-11-24T21:00:00.000-03:00,
B845,ESPERANCA DO SUL,RS,Automatica,Pane,-27.37416666,-53.96916666,409.0,2025-12-11T21:00:00.000-03:00,
B854,FAXINAL DO SOTURNO,RS,Automatica,Operante,-29.58749999,-53.42749999,70.0,2026-03-10T21:00:00.000-03:00,
A854,FREDERICO WESTPHALEN,RS,Automatica,Operante,-27.39555555,-53.42944443,489.42,2007-12-13T21:00:00.000-03:00,
B834,GARRUCHOS,RS,Automatica,Operante,-28.19694444,-55.62972221,0.0,2025-10-12T21:00:00.000-03:00,
B826,HERVAL,RS,Automatica,Pane,-32.01277777,-53.40305555,331.0,2025-09-16T21:00:00.000-03:00,
A883,IBIRUBA,RS,Automatica,Operante,-28.65333333,-53.11194444,455.27,2012-12-12T21:00:00.000-03:00,
B849,ITACURUBI,RS,Automatica,Operante,-28.69916666,-55.38055554,148.0,2026-01-20T21:00:00.000-03:00,
B850,ITAQUI,RS,Automatica,Operante,-29.15555555,-56.55555555,71.0,2026-01-27T21:00:00.000-03:00,
A836,JAGUARAO,RS,Automatica,Operante,-32.53472221,-53.37583332,31.48,2007-01-08T21:00:00.000-03:00,
B835,JOIA,RS,Automatica,Operante,-28.65027777,-54.11277777,0.0,2025-10-12T21:00:00.000-03:00,
A844,LAGOA VERMELHA,RS,Automatica,Operante,-28.22249999,-51.51277777,833.83,2007-03-01T21:00:00.000-03:00,
B853,LAVRAS DO SUL,RS,Automatica,Operante,-30.7886111,-53.89416666,390.0,2026-04-29T21:00:00.000-03:00,
B851,MACAMBARA,RS,Automatica,Operante,-29.15527777,-56.1786111,95.0,2026-04-28T21:00:00.000-03:00,
B813,MINAS DO LEAO,RS,Automatica,Operante,-30.12444443,-52.05083333,54.0,2025-07-31T21:00:00.000-03:00,
B814,MONTENEGRO,RS,Automatica,Operante,-29.75861111,-51.4361111,15.0,2025-07-31T21:00:00.000-03:00,
B862,MOSTARDAS - BACUPARI,RS,Automatica,Operante,-30.50611111,-50.41999999,20.0,2026-03-08T21:00:00.000-03:00,
B859,MUCUM,RS,Automatica,Operante,-29.15361111,-51.86527777,197.0,2026-02-23T21:00:00.000-03:00,
B846,NONOAI,RS,Automatica,Operante,-27.35861111,-52.77805554,546.0,2025-12-16T21:00:00.000-03:00,
B836,PALMARES DO SUL,RS,Automatica,Operante,-30.24916666,-50.50916666,4.0,2025-10-12T21:00:00.000-03:00,
A856,PALMEIRA DAS MISSOES,RS,Automatica,Operante,-27.92027777,-53.31805554,614.11,2008-02-25T21:00:00.000-03:00,
B810,PARQUE ELDORADO,RS,Automatica,Pane,-30.09666666,-51.67388888,50.0,2025-02-17T21:00:00.000-03:00,
83914,PASSO FUNDO,RS,Convencional,Operante,-28.2286111,-52.41194444,684.05,1912-07-31T21:25:56.000-02:34,
A839,PASSO FUNDO,RS,Automatica,Operante,-28.22666666,-52.40361111,680.67,2006-11-26T21:00:00.000-03:00,
83985,PELOTAS,RS,Convencional,Operante,-31.78333333,-52.41666666,13.0,1925-12-31T21:00:00.000-03:00,
B823,PINHEIRO MACHADO,RS,Automatica,Pane,-31.57472221,-53.38833333,419.0,2025-09-16T21:00:00.000-03:00,
83967,PORTO ALEGRE,RS,Convencional,Operante,-30.05361111,-51.17472221,41.18,1909-12-08T21:25:56.000-02:34,
B825,PORTO ALEGRE - BELEM NOVO,RS,Automatica,Operante,-30.1861111,-51.17833332,3.3,2025-04-30T21:00:00.000-03:00,
A801,PORTO ALEGRE - JARDIM BOTANICO,RS,Automatica,Operante,-30.05361111,-51.17472221,41.18,2000-09-21T21:00:00.000-03:00,
B837,PORTO XAVIER,RS,Automatica,Operante,-27.90277777,-55.16722221,0.0,2025-10-12T21:00:00.000-03:00,
A831,QUARAI,RS,Automatica,Operante,-30.3686111,-56.43722221,103.0,2007-10-16T21:00:00.000-03:00,
B860,RELVADO,RS,Automatica,Operante,-29.10444444,-52.05277777,301.0,2026-02-23T21:00:00.000-03:00,
A802,RIO GRANDE,RS,Automatica,Pane,-32.07888888,-52.16777777,4.92,2001-11-15T22:00:00.000-02:00,
A813,RIO PARDO,RS,Automatica,Operante,-29.87222221,-52.38194443,106.99,2006-09-29T21:00:00.000-03:00,
B819,ROLANTE,RS,Automatica,Operante,-29.65583333,-50.61805554,69.0,2025-08-17T21:00:00.000-03:00,
B855,Rosario do Sul,RS,Automatica,Operante,-30.25972222,-54.90222222,115.0,2026-03-30T21:00:00.000-03:00,
B838,SALTO DO JACUI,RS,Automatica,Operante,-29.09638888,-53.2125,322.0,2025-10-12T21:00:00.000-03:00,
83936,SANTA MARIA,RS,Convencional,Operante,-29.72472221,-53.72055554,103.1,1911-12-31T21:25:56.000-02:34,
A803,SANTA MARIA,RS,Automatica,Operante,-29.72499999,-53.72055554,105.0,2001-11-25T22:00:00.000-02:00,
B816,SANTA MARIA DO HERVAL,RS,Automatica,Operante,-29.47916666,-51.01333333,650.0,2025-08-20T21:00:00.000-03:00,
A810,SANTA ROSA,RS,Automatica,Operante,-27.84805555,-54.45222222,329.0,2006-11-14T21:00:00.000-03:00,
B830,SANTA VITORIA DO PALMAR (CENTRO),RS,Automatica,Operante,-33.53166666,-53.35027777,29.0,2025-09-17T21:00:00.000-03:00,
B829,SANTA VITORIA DO PALMAR (RESERVA DO TAIM),RS,Automatica,Pane,-32.83583333,-52.6436111,2.0,2025-09-16T21:00:00.000-03:00,
A899,SANTA VITORIA DO PALMAR - BARRA DO CHUI,RS,Automatica,Operante,-33.74222221,-53.37222221,7.41,2008-03-07T21:00:00.000-03:00,
B821,SANTANA DA BOA VISTA,RS,Automatica,Pane,-30.85861111,-53.15555555,138.0,2025-09-16T21:00:00.000-03:00,
A804,SANTANA DO LIVRAMENTO,RS,Automatica,Operante,-30.75055555,-55.40138888,196.0,2001-11-21T22:00:00.000-02:00,
A833,SANTIAGO,RS,Automatica,Operante,-29.19166666,-54.88555555,390.03,2009-02-03T21:00:00.000-03:00,
B844,SANTO ANGELO,RS,Automatica,Operante,-28.27805554,-54.27388888,270.0,2026-02-24T21:00:00.000-03:00,
B839,SANTO ANTONIO DA PATRULHA,RS,Automatica,Operante,-29.81611111,-50.53333333,47.0,2025-10-12T21:00:00.000-03:00,
A805,SANTO AUGUSTO,RS,Automatica,Operante,-27.85444444,-53.7911111,489.67,2001-12-04T22:00:00.000-02:00,
A830,SAO BORJA,RS,Automatica,Operante,-28.65,-56.01638888,79.0,2007-07-20T21:00:00.000-03:00,
B820,SAO FRANCISCO DE PAULA,RS,Automatica,Operante,-29.44222221,-50.56027777,886.0,2025-08-17T21:00:00.000-03:00,
A832,SAO GABRIEL,RS,Automatica,Operante,-30.34138888,-54.31083333,114.89,2007-07-10T21:00:00.000-03:00,
B861,SAO JOSE DO OURO,RS,Automatica,Operante,-27.77249999,-51.58666666,803.0,2026-02-25T21:00:00.000-03:00,
A829,SAO JOSE DOS AUSENTES,RS,Automatica,Operante,-28.7486111,-50.05777777,1228.59,2006-10-25T21:00:00.000-03:00,
B831,SAO LOURENCO DO SUL,RS,Automatica,Operante,-31.34055555,-52.01083333,3.0,2025-09-16T21:00:00.000-03:00,
83907,SAO LUIZ GONZAGA,RS,Convencional,Operante,-28.41722221,-54.9625,245.49,1912-03-31T21:25:56.000-02:34,
A852,SAO LUIZ GONZAGA,RS,Automatica,Operante,-28.41722221,-54.9625,245.5,2007-07-24T21:00:00.000-03:00,
A889,SAO VICENTE DO SUL,RS,Automatica,Pane,-29.70222222,-54.69444444,134.0,2016-04-05T21:00:00.000-03:00,
B809,SAPUCAIA DO SUL,RS,Automatica,Operante,-29.81388888,-51.15666666,23.0,2025-04-30T21:00:00.000-03:00,
A894,SERAFINA CORREA,RS,Automatica,Pane,-28.70472222,-51.87083332,485.29,2016-03-31T21:00:00.000-03:00,
B811,SERTAO SANTANA,RS,Automatica,Operante,-30.49416666,-51.66333333,116.0,2025-08-13T21:00:00.000-03:00,
B840,SOBRADINHO,RS,Automatica,Operante,-29.39833333,-53.01361111,379.0,2025-10-30T21:00:00.000-03:00,
A837,SOLEDADE,RS,Automatica,Operante,-28.85916666,-52.54249999,660.44,2008-02-29T21:00:00.000-03:00,
B815,TAQUARI,RS,Automatica,Operante,-29.79166666,-51.82749999,53.0,2025-08-13T21:00:00.000-03:00,
A878,TAVARES - FAROL DE MOSTARDAS,RS,Automatica,Pane,-31.24833333,-50.90638888,3.82,2008-03-10T21:00:00.000-03:00,
A882,TEUTONIA,RS,Automatica,Operante,-29.44916666,-51.82333332,81.0,2012-10-03T21:00:00.000-03:00,
B841,TORRES-AEROPORTO,RS,Automatica,Operante,-29.41361111,-49.80361111,0.0,2025-10-12T21:00:00.000-03:00,
A834,TRAMANDAI,RS,Automatica,Operante,-30.01027777,-50.13583333,4.56,2008-03-08T21:00:00.000-03:00,
A886,TUPANCIRETA,RS,Automatica,Operante,-29.08944444,-53.82666666,462.0,2016-08-10T21:00:00.000-03:00,
A809,URUGUAIANA,RS,Automatica,Operante,-29.83999999,-57.08194443,74.29,2006-09-27T21:00:00.000-03:00,
A880,VACARIA,RS,Automatica,Operante,-28.51361111,-50.88277777,969.89,2008-04-25T21:00:00.000-03:00,
B824,VIAMAO,RS,Automatica,Operante,-30.11527777,-50.92916666,65.0,2026-03-16T21:00:00.000-03:00,
A867,ARARANGUA,SC,Automatica,Operante,-28.93138888,-49.49805555,2.0,2008-09-27T21:00:00.000-03:00,
A845,BOM JARDIM DA SERRA - MORRO DA IGREJA,SC,Automatica,Pane,-28.12694443,-49.47972221,1790.38,2007-06-16T21:00:00.000-03:00,
A859,CACADOR,SC,Automatica,Pane,-26.81916666,-50.98555555,944.26,2008-03-18T21:00:00.000-03:00,
A898,CAMPOS NOVOS,SC,Automatica,Operante,-27.3886111,-51.21583333,963.0,2019-02-14T21:00:00.000-03:00,
A895,CHAPECO,SC,Automatica,Operante,-27.08527777,-52.63583333,679.0,2019-02-18T21:00:00.000-03:00,
A860,CURITIBANOS,SC,Automatica,Operante,-27.2886111,-50.60416666,978.1,2008-02-27T21:00:00.000-03:00,
A848,DIONISIO CERQUEIRA,SC,Automatica,Operante,-26.286562,-53.633114,807.54,2008-05-30T21:00:00.000-03:00,
A806,FLORIANOPOLIS,SC,Automatica,Pane,-27.6025,-48.61999999,4.87,2003-01-21T22:00:00.000-02:00,
A817,INDAIAL,SC,Automatica,Pane,-26.91361111,-49.26805554,72.24,2006-07-01T21:00:00.000-03:00,
A868,ITAJAI,SC,Automatica,Operante,-26.95083333,-48.76194444,9.76,2010-06-23T21:00:00.000-03:00,
A851,ITAPOA,SC,Automatica,Pane,-26.08138888,-48.64166666,6.18,2007-06-05T21:00:00.000-03:00,
A863,ITUPORANGA,SC,Automatica,Operante,-27.41833332,-49.64694444,479.79,2008-03-03T21:00:00.000-03:00,
A841,JOACABA,SC,Automatica,Pane,-27.16916666,-51.55888888,767.63,2007-09-19T21:00:00.000-03:00,
A865,LAGES,SC,Automatica,Operante,-27.80222222,-50.33555555,952.7,2014-11-05T21:00:00.000-03:00,
A866,Laguna  - Farol de Santa Marta,SC,Automatica,Pane,-28.60444444,-48.81333333,34.36,2008-05-31T21:00:00.000-03:00,
A864,MAJOR VIEIRA,SC,Automatica,Operante,-26.3936111,-50.36333333,799.58,2009-02-08T21:00:00.000-03:00,
A816,NOVO HORIZONTE,SC,Automatica,Pane,-26.40638888,-52.85027777,943.57,2008-09-19T21:00:00.000-03:00,
A870,RANCHO QUEIMADO,SC,Automatica,Operante,-27.6786111,-49.04194444,881.0,2016-05-30T21:00:00.000-03:00,
A861,RIO DO CAMPO,SC,Automatica,Operante,-26.93749999,-50.14555555,591.67,2008-03-09T21:00:00.000-03:00,
A862,RIO NEGRINHO,SC,Automatica,Operante,-26.2486111,-49.57416666,856.0,2008-03-21T21:00:00.000-03:00,
A815,SAO JOAQUIM,SC,Automatica,Pane,-28.27555554,-49.93472221,1400.06,2008-04-11T21:00:00.000-03:00,
A857,SAO MIGUEL DO OESTE,SC,Automatica,Pane,-26.78638888,-53.51416666,647.0,2008-03-11T21:00:00.000-03:00,
A814,URUSSANGA,SC,Automatica,Pane,-28.53249999,-49.31527777,40.56,2008-05-28T21:00:00.000-03:00,
A858,XANXERE,SC,Automatica,Pane,-26.9386111,-52.39805555,878.74,2008-03-14T21:00:00.000-03:00,
A409,ARACAJU,SE,Automatica,Pane,-10.9525,-37.05444444,3.72,2003-02-11T22:00:00.000-02:00,
A421,BREJO GRANDE,SE,Automatica,Pane,-10.47388888,-36.48194443,6.11,2008-07-16T21:00:00.000-03:00,
A451,ITABAIANA,SE,Automatica,Pane,-10.67166666,-37.47138888,213.0,2017-04-23T21:00:00.000-03:00,
A417,ITABAIANINHA,SE,Automatica,Pane,-11.27249999,-37.79499999,204.8,2007-05-22T21:00:00.000-03:00,
A453,NOSSA SENHORA DA GLORIA,SE,Automatica,Pane,-10.20777777,-37.43194443,271.0,2017-03-23T21:00:00.000-03:00,
A419,POCO VERDE,SE,Automatica,Pane,-10.73805555,-38.10833333,367.01,2008-04-02T21:00:00.000-03:00,
83097,PROPRIA,SE,Convencional,Operante,-10.21388888,-36.84222221,18.46,1925-05-09T21:00:00.000-03:00,
A736,ARIRANHA,SP,Automatica,Operante,-21.13305554,-48.84055555,525.44,2007-11-12T21:00:00.000-03:00,
A725,AVARE,SP,Automatica,Operante,-23.10166666,-48.9411111,776.36,2006-09-21T21:00:00.000-03:00,
A741,BARRA BONITA,SP,Automatica,Operante,-22.4711111,-48.5575,533.68,2008-04-23T21:00:00.000-03:00,
A746,BARRA DO TURVO,SP,Automatica,Operante,-24.96277777,-48.41638888,659.89,2008-07-02T21:00:00.000-03:00,
A748,BARRETOS,SP,Automatica,Operante,-20.55916666,-48.54499999,534.36,2010-06-18T21:00:00.000-03:00,
A755,BARUERI,SP,Automatica,Operante,-23.52388888,-46.86944443,776.5,2011-03-28T21:00:00.000-03:00,
A705,BAURU,SP,Automatica,Operante,-22.35805555,-49.02888888,636.17,2001-08-29T21:00:00.000-03:00,
A764,BEBEDOURO,SP,Automatica,Operante,-20.94805555,-48.47138888,542.0,2016-10-26T21:00:00.000-03:00,
A765,BERTIOGA,SP,Automatica,Operante,-23.84472221,-46.14333333,5.0,2017-01-31T21:00:00.000-03:00,
A744,BRAGANCA PAULISTA,SP,Automatica,Operante,-22.94916666,-46.5261111,891.0,2017-12-19T21:00:00.000-03:00,
A769,CACHOEIRA PAULISTA,SP,Automatica,Operante,-22.68888888,-45.00555555,586.0,2017-10-19T21:00:00.000-03:00,
A706,CAMPOS DO JORDAO,SP,Automatica,Operante,-22.75027777,-45.60388888,1662.95,2002-03-12T21:00:00.000-03:00,
A738,CASA BRANCA,SP,Automatica,Operante,-21.78055554,-47.07527777,734.15,2007-06-24T21:00:00.000-03:00,
A762,DRACENA,SP,Automatica,Pane,-21.45777777,-51.55222222,383.0,2016-11-02T21:00:00.000-03:00,
83630,FRANCA,SP,Convencional,Operante,-20.58444444,-47.38249999,1003.55,1910-12-31T21:25:56.000-02:34,
A708,FRANCA,SP,Automatica,Operante,-20.58444444,-47.38249999,1002.74,2002-12-11T22:00:00.000-02:00,
A737,IBITINGA,SP,Automatica,Operante,-21.85555555,-48.79972221,496.75,2007-11-08T21:00:00.000-03:00,
A712,IGUAPE,SP,Automatica,Operante,-24.67166666,-47.54583333,2.7,2006-07-19T21:00:00.000-03:00,
A713,IPERO,SP,Automatica,Operante,-23.4261111,-47.58555555,609.33,2006-08-21T21:00:00.000-03:00,
A714,ITAPEVA,SP,Automatica,Operante,-23.98194443,-48.88583333,743.33,2006-07-24T21:00:00.000-03:00,
A739,ITAPIRA,SP,Automatica,Operante,-22.415,-46.80527777,634.89,2007-11-04T21:00:00.000-03:00,
A753,ITUVERAVA,SP,Automatica,Operante,-20.35972222,-47.77527777,610.58,2008-07-16T21:00:00.000-03:00,
A733,JALES,SP,Automatica,Operante,-20.165,-50.59499999,460.44,2007-08-21T21:00:00.000-03:00,
A735,JOSE BONIFACIO,SP,Automatica,Operante,-21.08555555,-49.92027777,408.35,2007-09-02T21:00:00.000-03:00,
A727,LINS,SP,Automatica,Pane,-21.66611111,-49.73472221,460.65,2006-09-19T21:00:00.000-03:00,
A763,MARILIA,SP,Automatica,Operante,-22.23527777,-49.965,660.0,2017-05-14T21:00:00.000-03:00,
A716,OURINHOS,SP,Automatica,Pane,-23.00055555,-49.84333333,500.0,2006-08-28T21:00:00.000-03:00,
A726,PIRACICABA,SP,Automatica,Operante,-22.70305555,-47.62333332,566.46,2006-09-25T21:00:00.000-03:00,
A747,PRADOPOLIS,SP,Automatica,Operante,-21.33833333,-48.11388888,544.0,2008-04-21T21:00:00.000-03:00,
A707,PRESIDENTE PRUDENTE,SP,Automatica,Pane,-22.11999999,-51.40861111,431.92,2003-02-03T22:00:00.000-02:00,
A718,RANCHARIA,SP,Automatica,Operante,-22.37277777,-50.97472221,398.75,2006-08-31T21:00:00.000-03:00,
A766,REGISTRO,SP,Automatica,Operante,-24.53305554,-47.86416666,35.0,2017-02-08T21:00:00.000-03:00,
A711,SAO CARLOS,SP,Automatica,Operante,-21.98027777,-47.88388888,859.29,2006-09-03T21:00:00.000-03:00,
A740,SAO LUIZ DO PARAITINGA,SP,Automatica,Operante,-23.22833332,-45.41694443,874.0,2007-10-31T21:00:00.000-03:00,
A715,SAO MIGUEL ARCANJO,SP,Automatica,Operante,-23.89083333,-47.99916666,710.0,2006-08-14T21:00:00.000-03:00,
A771,SAO PAULO - INTERLAGOS,SP,Automatica,Operante,-23.72444443,-46.67749999,771.0,2018-03-13T21:00:00.000-03:00,
A701,SAO PAULO - MIRANTE,SP,Automatica,Operante,-23.4962888,-46.6200666,785.64,2006-07-24T21:00:00.000-03:00,
83781,SAO PAULO(MIR.de SANTANA),SP,Convencional,Operante,-23.49638888,-46.61999999,785.16,1945-11-30T21:00:00.000-03:00,
A770,SAO SIMAO,SP,Automatica,Operante,-21.46111111,-47.57944443,620.0,2019-07-02T21:00:00.000-03:00,
A728,TAUBATE,SP,Automatica,Operante,-23.04166666,-45.52083332,582.26,2006-12-19T21:00:00.000-03:00,
A768,TUPA,SP,Automatica,Operante,-21.92722221,-50.49027777,498.0,2017-05-11T21:00:00.000-03:00,
A734,VALPARAISO,SP,Automatica,Pane,-21.31916666,-50.93027777,381.9,2007-08-29T21:00:00.000-03:00,
A053,ALMAS,TO,Automatica,Operante,-11.28416666,-47.21222222,503.0,2016-03-31T21:00:00.000-03:00,
A054,ARAGUACU,TO,Automatica,Operante,-12.59222221,-49.5286111,231.0,2015-08-18T21:00:00.000-03:00,
82659,ARAGUAINA,TO,Convencional,Operante,-7.10388888,-48.20138888,231.85,1984-08-20T21:00:00.000-03:00,
A021,ARAGUAINA,TO,Automatica,Operante,-7.10388888,-48.20111111,230.76,2007-01-25T21:00:00.000-03:00,
A044,ARAGUATINS,TO,Automatica,Operante,-5.6436111,-48.11194444,130.71,2009-03-11T21:00:00.000-03:00,
A043,CAMPOS LINDOS,TO,Automatica,Pane,-8.15472222,-46.63944444,426.56,2012-10-28T21:00:00.000-03:00,
A049,COLINAS DO TOCANTINS,TO,Automatica,Operante,-8.09277777,-48.4786111,200.0,2016-11-10T21:00:00.000-03:00,
A038,DIANOPOLIS,TO,Automatica,Operante,-11.59444444,-46.84722221,727.87,2008-08-29T21:00:00.000-03:00,
A039,FORMOSO DO ARAGUAIA,TO,Automatica,Operante,-11.88749999,-49.60833333,215.2,2008-04-26T21:00:00.000-03:00,
A019,GURUPI,TO,Automatica,Operante,-11.74499999,-49.05166666,274.0,2006-12-19T21:00:00.000-03:00,
A055,LAGOA DA CONFUSAO,TO,Automatica,Operante,-10.828286,-49.847882,178.0,2016-11-14T21:00:00.000-03:00,
A041,MARIANOPOLIS DO TO,TO,Automatica,Operante,-9.57638888,-49.72333332,186.69,2012-11-23T21:00:00.000-03:00,
A040,MATEIROS,TO,Automatica,Operante,-10.43444444,-45.92194443,791.0,2012-10-24T21:00:00.000-03:00,
83033,PALMAS,TO,Convencional,Operante,-10.14777777,-48.31444444,267.0,1993-10-07T21:00:00.000-03:00,
A009,PALMAS,TO,Automatica,Operante,-10.14777777,-48.31444444,267.0,2004-12-16T21:00:00.000-03:00,
A010,PARANA,TO,Automatica,Operante,-12.615,-47.87194443,284.96,2005-03-03T21:00:00.000-03:00,
A020,PEDRO AFONSO,TO,Automatica,Operante,-8.9686111,-48.17722221,189.71,2007-01-22T21:00:00.000-03:00,
83228,PEIXE,TO,Convencional,Operante,-12.01527777,-48.54499999,252.24,1975-04-30T21:00:00.000-03:00,
A018,PEIXE,TO,Automatica,Operante,-12.01527777,-48.54444444,250.87,2006-11-30T21:00:00.000-03:00,
A051,PIUM,TO,Automatica,Pane,-10.47694443,-49.62944443,161.0,2016-04-05T21:00:00.000-03:00,
83064,PORTO NACIONAL,TO,Convencional,Operante,-10.71083333,-48.40638888,243.28,1914-12-31T21:00:00.000-03:00,
A050,RIO SONO,TO,Automatica,Operante,-9.79333333,-47.13277777,291.0,2016-08-02T21:00:00.000-03:00,
A048,SANTA FE DO ARAGUAIA,TO,Automatica,Pane,-7.12416666,-48.78138888,171.0,2016-07-29T21:00:00.000-03:00,
A052,SANTA ROSA DO TOCANTINS,TO,Automatica,Operante,-11.42888888,-48.18499999,306.0,2015-08-13T21:00:00.000-03:00,
83235,TAGUATINGA,TO,Convencional,Operante,-12.40222222,-46.43833333,604.88,1915-12-21T21:00:00.000-03:00,
